development_id,date,institution_id,institution_name,headline,strategic_theme,product_area,development_type,summary,core_assessment,strategic_relevance,impact_on_us,recommended_action,importance_level,source_id,analyst_note,tags,summary_id,recent_item_id,source_url,item_url
DEV-001,2026-06-09,garanti_bbva,,Garanti BBVA expands merchant settlement messaging for SME POS clients,KOBİ Mevduat,Merchant Acquiring,Campaign,Mock update indicating stronger messaging around POS settlement balances and business account usage for SME merchants.,,Connects payment akışları to deposit capture and may strengthen daily banking stickiness among active merchants.,Yüksek,Yanıt Geliştir,Critical,SRC-001,Use this as a prompt to test our own POS-to-deposit conversion journey.,deposits; pos; settlement; turkish-bank,,,,
DEV-002,2026-06-09,iyzico,,iyzico öne çıkarıyor marketplace seller onboarding improvements,Gömülü Finans,Marketplace Payments,Technology Update,Mock development showing faster seller onboarding and clearer marketplace payment operations in merchant-facing materials.,,Marketplace onboarding is a key embedded-finance battleground for SMEs that sell through platforms.,Orta,BD Konuşma Notlarına Ekle,Yüksek,SRC-012,BD teams should ask marketplace clients where seller payment friction remains en yüksek.,embedded-finance; marketplace; payments,,,,
DEV-003,2026-06-08,mastercard,,Mastercard promotes SME cyber and payment services bundle,Ekosistem İş Birlikleri,Kart Şeması Services,Report / Research,Mock signal that Mastercard is positioning value-added services around SME acceptance security and data-led merchant tools.,,Scheme-led services can raise client expectations for bundled payments insight beyond pure acceptance.,Orta,İş Birliği Fırsatını İncele,Yüksek,SRC-020,Potential partner lens for merchant analytics and SME education programs.,card-scheme; security; analytics,,,,
DEV-004,2026-06-08,stripe,,Stripe expands platform finance messaging for software-led SMEs,Global İyi Uygulama,Embedded Payments,Product Launch,Mock global reference showing continued emphasis on software platforms embedding payments; balances and money movement into SME workakışları.,,Reinforces the strategic threat from workakışı-native finance that bypasses traditional bank discovery journeys.,Yüksek,Uyarlama Fırsatını Değerlendir,Critical,SRC-022,Use as best-practice benchmark for accounting and commerce partner roadmap.,global; embedded-finance; api,,,,
DEV-005,2026-06-07,akbank,,Akbank refreshes digital SME product discovery journey,Dijital KOBİ Yolculuğu,SME Dijital bankacılık,Technology Update,Mock update suggesting clearer digital navigation for SME products and application pathways.,,Better product discovery can increase lead capture and reduce branch dependency for SME acquisition.,Orta,İzle,Orta,SRC-003,Compare against our digital SME landing and application completion analytics.,digital-journey; turkish-bank,,,,
DEV-006,2026-06-07,paytr,,PayTR emphasizes faster Sanal POS activation for small merchants,Ödemeler ve POS,Sanal POS,Campaign,Mock campaign around speed of Sanal POS activation and online merchant payment collection.,,Fast activation remains a clear pain-point for micro and small merchants choosing payment providers.,Orta,BD Konuşma Notlarına Ekle,Yüksek,SRC-013,Useful for BD conversations with e-commerce and social-commerce merchants.,virtual-pos; merchant-onboarding,,,,
DEV-007,2026-06-06,visa,,Visa publishes SME acceptance and digital enablement perspective,Global İyi Uygulama,Kart Şeması Services,Report / Research,Mock report signal focused on SME digital acceptance; cross-border commerce and İş ortağı üzerinden enablement.,,Provides external framing for why payments capabilities should be linked to SME growth advisory.,Düşük,İzle,Orta,SRC-019,Track for leadership narrative and partner discussion material.,visa; acceptance; research,,,,
DEV-008,2026-06-06,yapi_kredi,,Yapı Kredi merchant acquiring proposition shows stronger reconciliation angle,Ödemeler ve POS,POS Reconciliation,Market Signal,Mock market signal that reconciliation and merchant reporting are being emphasized more visibly in POS propositions.,,Reconciliation is a practical wedge for winning operating balances and improving merchant relationship depth.,Yüksek,Yanıt Geliştir,Yüksek,SRC-004,Assess whether our reconciliation messages are visible enough in SME sales materials.,pos; reconciliation; deposits,,,,
DEV-009,2026-06-05,square,,Square öne çıkarıyor banking and capital links inside merchant ecosystem,KOBİ Kredileri,Merchant Banking,Product Launch,Mock global development showing Square positioning banking; savings and working-capital adjacency alongside POS.,,This is a strong example of payments becoming an SME operating system rather than a standalone acquiring product.,Yüksek,Uyarlama Fırsatını Değerlendir,Critical,SRC-024,Leadership briefing candidate for payment-led deposit and lending strategy.,global; pos; lending; deposits,,,,
DEV-010,2026-06-05,halkbank,,Halkbank SME support messaging remains linked to Halka Açık programs,KOBİ Kredileri,SME Programs,Management Statement,Mock statement reinforcing Halkbank's role in SME support and Halka Açık program linkage.,,Halka Açık-program credibility remains relevant for price-sensitive SMEs and government-linked segments.,Orta,İzle,Orta,SRC-010,İzle for campaign periods that could shift deposit and lending akışları.,Halka Açık-bank; sme-lending,,,,
DEV-011,2026-06-04,papara,,Papara business payments signals remain wallet-led,Ödemeler ve POS,Wallet Payments,Market Signal,Mock signal that business-facing payments remain adjacent to wallet and card capabilities.,,Wallet-led providers may capture lightweight business payment use cases before banks see demand.,Orta,İzle,Orta,SRC-016,Watch for clearer business account or merchant settlement features.,wallet; fintech; payments,,,,
DEV-012,2026-06-04,shopify_payments,,Shopify Payments reinforces embedded merchant balance proposition,Gömülü Finans,E-commerce Payments,Product Launch,Mock global reference where merchant payments; payouts and balances sit inside the commerce admin workakışı.,,Shows how e-commerce platforms can make the operating balance a native part of merchant workakışı.,Yüksek,Yönetime Eskale Et,Critical,SRC-028,Use in leadership discussion on platform iş birlikleri and SME deposit defense.,global; e-commerce; embedded-balance,,,,
DEV-013,2026-06-03,ziraat,,Ziraat maintains scale advantage in SME operating-account visibility,KOBİ Mevduat,Business Accounts,Market Signal,Mock development noting continued relevance of Ziraat's distribution scale for mass SME operating balances.,,Scale remains a structural advantage in deposit gathering even when digital differentiation is moderate.,Orta,İzle,Orta,SRC-009,Useful comparator for branch-led deposit capture economics.,Halka Açık-bank; deposits; scale,,,,
DEV-014,2026-06-03,sipay,,Sipay positions API ödemeleri for İş ortağı üzerinden merchant services,Gömülü Finans,API ödemeleri,İş Birliği,Mock update pointing to API-led payment services for merchants and partners.,,API-led payment providers can become embedded rails for SME software and marketplace clients.,Orta,İş Birliği Fırsatını İncele,Yüksek,SRC-015,Consider whether İş Birliği routes can complement direct bank acquiring.,api; payments; İş Birliği,,,,
DEV-015,2026-06-02,revolut_business,,Revolut Business messaging stresses transparent FX and multi-currency accounts,Nakit Yönetimi,International Payments,Pricing Change,Mock reference Yükseklighting transparent FX and multi-currency business account economics.,,Transparent cross-border pricing can shape SME expectations even in markets where the provider is not local.,Orta,Uyarlama Fırsatını Değerlendir,Yüksek,SRC-026,Useful for Fiyatlama Şeffaflığı İncele in SME Nakit Yönetimi.,fx; cash-management; pricing,,,,
DEV-016,2026-05-30,adyen,,Adyen continues unified commerce reconciliation narrative,Ödemeler ve POS,Unified Commerce,Report / Research,Mock prior-week signal around unified commerce data; settlement and reconciliation capabilities.,,Global acquirers set a Yüksek bar for data-rich merchant servicing and finance-team workakışları.,Orta,İzle,Orta,SRC-023,Compare against our merchant reporting roadmap.,global; reconciliation; payments,,,,
DEV-017,2026-05-29,kuveyt_turk,,Kuveyt Türk participation account proposition remains differentiated for SMEs,KOBİ Mevduat,Participation Accounts,Campaign,Mock prior-week campaign signal around participation-based SME liquidity solutions.,,Segment-specific liquidity language can defend deposits among faith-sensitive SME customers.,Düşük,İzle,Düşük,SRC-011,Track if this becomes more digitally packaged.,participation-bank; deposits,,,,
DEV-018,2026-05-28,param,,Param merchant services continue to blend card wallet and POS capabilities,Ödemeler ve POS,Sanal POS,Market Signal,Mock prior-week signal that Param continues to combine card; wallet and merchant acceptance services.,,Blended fintech propositions can compete for smaller merchants seeking convenience over relationship depth.,Orta,BD Konuşma Notlarına Ekle,Orta,SRC-014,Useful in BD objection handling for smaller online sellers.,fintech; wallet; virtual-pos,,,,
DEV-019,2026-05-27,is_bankasi,,İş Bankası KOBİ bankacılığı messages emphasize relationship depth and Nakit Yönetimi,Nakit Yönetimi,KOBİ bankacılığı,Management Statement,Mock prior-week development reinforcing relationship-led SME Nakit Yönetimi and operating-account depth.,,Traditional bank relationship depth remains a differentiator if translated into timely digital nudges.,Orta,Yanıt Geliştir,Yüksek,SRC-002,Benchmark relationship-led Nakit Yönetimi messaging against ours.,cash-management; turkish-bank,,,,
DEV-020,2026-05-26,wise_business,,Wise Business öne çıkarıyor transparent international payment pricing,Nakit Yönetimi,International Payments,Pricing Change,Mock prior-week reference focused on clear pricing for cross-border SME payments and accounts.,,Fiyatlama Şeffaflığı can become a competitive proof point for SMEs with import or export akışları.,Düşük,Uyarlama Fırsatını Değerlendir,Orta,SRC-027,Good reference for fee transparency and digital journey language.,global; fx; pricing,,,,
