source_id,tier,institution_id,institution_name,source_name,source_type,url,collection_method,update_frequency,reliability_level,strategic_themes,active,notes,extraction_mode,coverage_scope,coverage_priority,sme_relevance,source_validation_status,collector_capability,mvp_active,exclusion_reason,last_validated_at
REG-001,Tier 1,garanti_bbva,Garanti BBVA,Garanti BBVA İşim İçin / KOBİ bankacılığı,Resmi KOBİ Sayfası,https://www.garantibbva.com.tr/isim-icin,static_scrape,Weekly,Yüksek,KOBİ Mevduat; Ödemeler ve POS; KOBİ Kredileri; Dijital KOBİ Yolculuğu,True,Official KOBİ bankacılığı page for controlled Tier 1 İzleing.,benchmark_fact,KOBİ Rakip Banka,Existing,Yüksek,Not checked,static_scrape,False,,
REG-002,Tier 1,garanti_bbva,Garanti BBVA,Garanti BBVA Kartlar & POS,Resmi POS Sayfası,https://www.garantibbva.com.tr/isim-icin/kartlar-pos,static_scrape,Weekly,Yüksek,Ödemeler ve POS; KOBİ Mevduat,True,Resmi POS Sayfası for merchant acquiring signals.,benchmark_fact,KOBİ Rakip Banka,Existing,Yüksek,Not checked,static_scrape,False,,
REG-003,Tier 1,garanti_bbva,Garanti BBVA,Garanti BBVA Kurumsal communication / press releases,Resmi Basın Bülteni Sayfası,https://www.garantibbva.com.tr/kurumsal-iletisim,static_scrape,Weekly,Yüksek,Kampanyalar; iş birlikleri; KOBİ Mevduat; Ödemeler ve POS,True,Official communication page; validate relevant links manually when needed.,weekly_development,KOBİ Rakip Banka,Existing,Yüksek,Legacy active weekly source,static_scrape,True,,
REG-004,Tier 1,is_bankasi,İş Bankası,İş Bankası İş Ticari,Resmi KOBİ Sayfası,https://www.isbank.com.tr/is-ticari,static_scrape,Weekly,Yüksek,KOBİ Mevduat; Ödemeler ve POS; KOBİ Kredileri; Dijital KOBİ Yolculuğu,True,Official commercial and KOBİ bankacılığı page.,benchmark_fact,KOBİ Rakip Banka,Existing,Yüksek,Not checked,static_scrape,False,,
REG-005,Tier 1,is_bankasi,İş Bankası,İş Bankası Sanal POS,Resmi POS Sayfası,https://www.isbank.com.tr/is-ticari/sanal-pos,static_scrape,Weekly,Yüksek,Ödemeler ve POS; Gömülü Finans,True,Official Sanal POS page.,benchmark_fact,KOBİ Rakip Banka,Existing,Yüksek,Not checked,static_scrape,False,,
REG-006,Tier 1,is_bankasi,İş Bankası,İş Bankası Duyurular,Resmi Basın Bülteni Sayfası,https://www.isbank.com.tr/duyurular,static_scrape,Weekly,Yüksek,Kampanyalar; Regülasyon; iş birlikleri,True,Official announcements page.,weekly_development,KOBİ Rakip Banka,Existing,Yüksek,Legacy active weekly source,static_scrape,True,,
REG-007,Tier 1,akbank,Akbank,Akbank Kurumsal,Resmi KOBİ Sayfası,https://www.akbank.com/kurumsal,static_scrape,Weekly,Yüksek,KOBİ Mevduat; Ödemeler ve POS; KOBİ Kredileri; Dijital KOBİ Yolculuğu,True,Official Kurumsal banking page.,benchmark_fact,Kapsam Dışı,Internal,Yüksek,Not checked,static_scrape,False,Akbank internal benchmark target; not a competitor source for MVP expansion.,
REG-008,Tier 1,akbank,Akbank,Akbank Cebe POS,Resmi POS Sayfası,https://www.akbank.com/kurumsal/uye-isyeri-pos/pos-cozumleri/akbank-cebe-pos,static_scrape,Weekly,Yüksek,Ödemeler ve POS; Dijital KOBİ Yolculuğu,True,Official Mobil POS page.,benchmark_fact,Kapsam Dışı,Internal,Yüksek,Not checked,static_scrape,False,Akbank internal benchmark target; not a competitor source for MVP expansion.,
REG-009,Tier 1,akbank,Akbank,Akbank Dövizli POS,Resmi POS Sayfası,https://www.akbank.com/kurumsal/uye-isyeri-pos/diger-pos-cozumleri/dovizli-pos,static_scrape,Weekly,Yüksek,Ödemeler ve POS; KOBİ Mevduat,True,Official FX POS page.,benchmark_fact,Kapsam Dışı,Internal,Yüksek,Not checked,static_scrape,False,Akbank internal benchmark target; not a competitor source for MVP expansion.,
REG-010,Tier 1,yapi_kredi,Yapı Kredi,Yapı Kredi KOBİ,Resmi KOBİ Sayfası,https://www.yapikredi.com.tr/kobi/,static_scrape,Weekly,Yüksek,KOBİ Mevduat; Ödemeler ve POS; KOBİ Kredileri; Dijital KOBİ Yolculuğu,True,Resmi KOBİ Sayfası.,benchmark_fact,KOBİ Rakip Banka,Existing,Yüksek,Not checked,static_scrape,False,,
REG-011,Tier 1,yapi_kredi,Yapı Kredi,Yapı Kredi KOBİ Kampanyaları,Resmi Kampanya Sayfası,https://www.yapikredi.com.tr/kampanyalar/kategori/kobi/,static_scrape,Weekly,Yüksek,Kampanyalar; KOBİ Mevduat; Ödemeler ve POS,True,Official SME campaign page.,weekly_development,KOBİ Rakip Banka,Existing,Yüksek,Legacy active weekly source,static_scrape,True,,
REG-012,Tier 1,yapi_kredi,Yapı Kredi,Yapı Kredi Basın Bültenleri,Resmi Basın Bülteni Sayfası,https://www.yapikredi.com.tr/yapi-kredi-hakkinda/basin-bultenleri,static_scrape,Weekly,Yüksek,iş birlikleri; Kampanyalar; Regülasyon,True,Resmi Basın Bülteni Sayfası.,weekly_development,KOBİ Rakip Banka,Existing,Yüksek,Legacy active weekly source,static_scrape,True,,
REG-013,Tier 1,qnb_finansbank,QNB Finansbank,QNB Finansbank KOBİ / KOBİ sayfası,Resmi KOBİ Sayfası,https://www.qnbfinansbank.com/kobi,static_scrape,Weekly,Yüksek,KOBİ Mevduat; Ödemeler ve POS; KOBİ Kredileri,True,Resmi KOBİ Sayfası.,benchmark_fact,KOBİ Rakip Banka,Existing,Yüksek,Not checked,static_scrape,False,,
REG-014,Tier 1,denizbank,DenizBank,DenizBank İşim İçin / KOBİ Banking,Resmi KOBİ Sayfası,https://www.denizbank.com/isim-icin/kobi-bankaciligi,static_scrape,Weekly,Yüksek,KOBİ Mevduat; Ödemeler ve POS; KOBİ Kredileri,True,Official KOBİ bankacılığı page.,benchmark_fact,KOBİ Rakip Banka,Existing,Yüksek,Not checked,static_scrape,False,,
REG-015,Tier 1,denizbank,DenizBank,DenizBank Üye İşyeri ve POS İşlemleri,Resmi POS Sayfası,https://www.denizbank.com/isim-icin/kobi-bankaciligi/uye-isyeri-ve-pos-islemleri,static_scrape,Weekly,Yüksek,Ödemeler ve POS; Dijital KOBİ Yolculuğu,True,Official merchant and POS services page.,benchmark_fact,KOBİ Rakip Banka,Existing,Yüksek,Not checked,static_scrape,False,,
REG-016,Tier 1,teb,TEB,TEB Firmaniz Icin,Resmi KOBİ Sayfası,https://www.teb.com.tr/firmaniz-icin/,static_scrape,Weekly,Yüksek,KOBİ Mevduat; Ödemeler ve POS; KOBİ Kredileri; Nakit Yönetimi,True,Official business banking page.,benchmark_fact,KOBİ Rakip Banka,Existing,Yüksek,Not checked,static_scrape,False,,
REG-017,Tier 1,vakifbank,VakifBank,VakifBank POS / Üye İşyeri Hizmetleri,Resmi POS Sayfası,https://www.vakifbank.com.tr/tr/ticari/kobilere-ozel/posuye-is-yeri-hizmetleri,static_scrape,Weekly,Yüksek,Ödemeler ve POS; Dijital KOBİ Yolculuğu,True,Official POS services page.,benchmark_fact,Kapsam Dışı,Excluded,Orta,Not checked,static_scrape,False,Public or participation bank excluded from current private-bank competitor scope.,
REG-018,Tier 1,vakifbank,VakifBank,VakifBank POS Kampanyaları,Resmi Kampanya Sayfası,https://www.vakifbank.com.tr/tr/ticari/kobilere-ozel/posuye-is-yeri-hizmetleri/kampanyalar,static_scrape,Weekly,Yüksek,Kampanyalar; Ödemeler ve POS,True,Official POS campaign page.,weekly_development,Kapsam Dışı,Excluded,Orta,Not checked,static_scrape,False,Public or participation bank excluded from current private-bank competitor scope.,
REG-019,Tier 1,ziraat_bankasi,Ziraat Bankasi,Ziraat Bankasi Üye İşyeri ve POS Hizmetleri,Resmi POS Sayfası,https://www.ziraatbank.com.tr/tr/kurumsal/uye-isyeri-ve-pos-hizmetleri/pos-uygulamalarimiz,static_scrape,Weekly,Yüksek,Ödemeler ve POS,True,Official POS applications page.,benchmark_fact,Kapsam Dışı,Excluded,Orta,Not checked,static_scrape,False,Public or participation bank excluded from current private-bank competitor scope.,
REG-020,Tier 1,bankkart_pos,Bankkart POS,Bankkart POS,Resmi POS Sayfası,https://www.bankkartpos.com.tr/,static_scrape,Weekly,Yüksek,Ödemeler ve POS; Kampanyalar,True,Official Bankkart POS site.,benchmark_fact,Kapsam Dışı,Excluded,Orta,Not checked,static_scrape,False,Public or participation bank excluded from current private-bank competitor scope.,
REG-021,Tier 1,halkbank,Halkbank,Halkbank Üye İşyeri ve POS Hizmetleri,Resmi POS Sayfası,https://www.halkbank.com.tr/tr/ticari-kurumsal/uye-isyeri-ve-pos-hizmetleri,static_scrape,Weekly,Yüksek,Ödemeler ve POS; KOBİ Mevduat,True,Official merchant and POS services page.,benchmark_fact,Kapsam Dışı,Excluded,Orta,Not checked,static_scrape,False,Public or participation bank excluded from current private-bank competitor scope.,
REG-022,Tier 1,halkbank,Halkbank,Halkbank Üye İşyeri Ucret ve Komisyonlari,Resmi Fiyat/Ücret Sayfası,https://www.halkbank.com.tr/tr/ticari-kurumsal/uye-isyeri-ve-pos-hizmetleri/uye-isyeri-hizmetleri/uye-isyeri-ucret-ve-komisyonlari,static_scrape,Weekly,Yüksek,Fiyatlama Şeffaflığı; Ödemeler ve POS,True,Official merchant pricing page.,benchmark_fact,Kapsam Dışı,Excluded,Orta,Not checked,static_scrape,False,Public or participation bank excluded from current private-bank competitor scope.,
REG-023,Tier 1,kuveyt_turk,Kuveyt Türk,Kuveyt Türk İşim İçin,Resmi KOBİ Sayfası,https://www.kuveytturk.com.tr/isim-icin,static_scrape,Weekly,Yüksek,KOBİ Mevduat; Ödemeler ve POS; KOBİ Kredileri,True,Official business banking page.,benchmark_fact,Kapsam Dışı,Excluded,Orta,Not checked,static_scrape,False,Public or participation bank excluded from current private-bank competitor scope.,
REG-024,Tier 1,kuveyt_turk,Kuveyt Türk,Kuveyt Türk POS Hizmetleri,Resmi POS Sayfası,https://www.kuveytturk.com.tr/isim-icin/kartlar-ve-pos/pos-hizmetleri,static_scrape,Weekly,Yüksek,Ödemeler ve POS,True,Official POS services page.,benchmark_fact,Kapsam Dışı,Excluded,Orta,Not checked,static_scrape,False,Public or participation bank excluded from current private-bank competitor scope.,
REG-025,Tier 1,kuveyt_turk,Kuveyt Türk,Kuveyt Türk KOBİ Kampanyaları,Resmi Kampanya Sayfası,https://www.kuveytturk.com.tr/kampanyalar/isim-icin/kobi-kampanyalari,static_scrape,Weekly,Yüksek,Kampanyalar; KOBİ Mevduat; Ödemeler ve POS,True,Official SME Kampanyalar page.,weekly_development,Kapsam Dışı,Excluded,Orta,Not checked,static_scrape,False,Public or participation bank excluded from current private-bank competitor scope.,
REG-026,Tier 1,iyzico,iyzico,iyzico İşim İçin Ödeme Çözümleri,Resmi Ürün Sayfası,https://www.iyzico.com/isim-icin,static_scrape,Weekly,Yüksek,Ödemeler ve POS; Gömülü Finans,True,Official payment solutions page.,benchmark_fact,Fintech / Benchmark,Existing,Orta,Not checked,static_scrape,False,,
REG-027,Tier 1,iyzico,iyzico,iyzico Basın,Resmi Basın Bülteni Sayfası,https://www.iyzico.com/hakkimizda/basin,static_scrape,Weekly,Yüksek,iş birlikleri; Kampanyalar; Ödemeler ve POS,True,Official press page.,weekly_development,Fintech / Benchmark,Existing,Orta,Not checked,static_scrape,False,,
REG-028,Tier 1,iyzico,iyzico,iyzico Blog,Resmi Ürün Sayfası,https://www.iyzico.com/blog,static_scrape,Weekly,Orta,Ödemeler ve POS; Gömülü Finans; Global İyi Uygulama,True,Official blog; analyst should confirm product relevance.,benchmark_fact,Fintech / Benchmark,Existing,Orta,Not checked,static_scrape,False,,
REG-029,Tier 1,paytr,PayTR,PayTR Blog,Resmi Ürün Sayfası,https://www.paytr.com/blog,static_scrape,Weekly,Orta,Ödemeler ve POS; Gömülü Finans,True,Official blog; use as market signal Kaynak.,benchmark_fact,Fintech / Benchmark,Existing,Orta,Not checked,static_scrape,False,,
REG-030,Tier 1,paytr,PayTR,PayTR Link ile Ödeme,Resmi Ürün Sayfası,https://www.paytr.com/blog/link-ile-odeme,static_scrape,Weekly,Orta,Ödemeler ve POS; Dijital KOBİ Yolculuğu,True,Official product/blog page for payment links.,benchmark_fact,Fintech / Benchmark,Existing,Orta,Not checked,static_scrape,False,,
REG-031,Tier 1,param,Param,Param Sanal POS,Resmi Ürün Sayfası,https://param.com.tr/param-sanal-pos,static_scrape,Weekly,Yüksek,Ödemeler ve POS,True,Official Sanal POS page.,benchmark_fact,Fintech / Benchmark,Existing,Orta,Not checked,static_scrape,False,,
REG-032,Tier 1,param,Param,Param Basın,Resmi Basın Bülteni Sayfası,https://param.com.tr/basin,static_scrape,Weekly,Yüksek,iş birlikleri; Ödemeler ve POS; Gömülü Finans,True,Official press page.,weekly_development,Fintech / Benchmark,Existing,Orta,Not checked,static_scrape,False,,
REG-033,Tier 1,sipay,Sipay,Sipay Link ile Ödeme,Resmi Ürün Sayfası,https://sipay.com.tr/odeme-cozumleri/online-odeme-cozumleri/link-ile-odeme/,static_scrape,Weekly,Yüksek,Ödemeler ve POS; Dijital KOBİ Yolculuğu,True,Resmi Ürün Sayfası.,benchmark_fact,Fintech / Benchmark,Existing,Orta,Not checked,static_scrape,False,,
REG-034,Tier 1,visa,Visa,Visa Small Business / Visa & Main,Resmi Basın Bülteni Sayfası,https://usa.visa.com/about-visa/newsroom/press-releases.releaseId.22121.html,static_scrape,Weekly,Yüksek,Global İyi Uygulama; KOBİ Mevduat; Gömülü Finans; KOBİ Kredileri,True,Official Visa press release.,weekly_development,Global Ödeme Ağı,Current,Yüksek,Legacy active weekly source,static_scrape,True,,
REG-035,Tier 1,mastercard,Mastercard,Mastercard Türkiye SME digitalization article,Resmi Basın Bülteni Sayfası,https://www.mastercard.com/news/eemea/en/newsroom/press-releases/en/2025-1/august/the-path-to-smart-smes-lies-in-encouraging-digital-investments/,static_scrape,Weekly,Yüksek,Global İyi Uygulama; Dijital KOBİ Yolculuğu; Gömülü Finans,True,Official Mastercard article.,weekly_development,Global Ödeme Ağı,Current,Yüksek,Legacy active weekly source,static_scrape,True,,
REG-036,Tier 1,mastercard,Mastercard,Mastercard EEMEA Press Releases,Resmi Basın Bülteni Sayfası,https://www.mastercard.com/news/eemea/en/newsroom/press-releases/,static_scrape,Weekly,Yüksek,Global İyi Uygulama; iş birlikleri; Ödemeler ve POS; Gömülü Finans,True,Official Mastercard press release listing.,weekly_development,Global Ödeme Ağı,Current,Yüksek,Legacy active weekly source,static_scrape,True,,
REG-037,Tier 1,bkm,BKM,BKM Ödeme Çözümleri / TechPOS,Sektör Birliği,https://bkm.com.tr/urunler-ve-hizmetler/odeme-cozumleri/,static_scrape,Weekly,Yüksek,Ödemeler ve POS; Gömülü Finans; Regülasyon,True,Sektör Birliği page relevant to payment infrastructure.,both,Regülasyon / Haber,Existing,Orta,Legacy active weekly source,static_scrape,False,,
REG-038,Tier 1,bkm,BKM,BKM TROY,Sektör Birliği,https://bkm.com.tr/urunler-ve-hizmetler/troy/,static_scrape,Weekly,Yüksek,Ödemeler ve POS; Regülasyon,True,Sektör Birliği page for TROY.,both,Regülasyon / Haber,Existing,Orta,Legacy active weekly source,static_scrape,False,,
REG-039,Tier 1,troy,TROY,TROY,Resmi Ürün Sayfası,https://www.troyodeme.com/,static_scrape,Weekly,Yüksek,Ödemeler ve POS,True,Official TROY product site.,benchmark_fact,Sektör / Altyapı,Current,Yüksek,Not checked,static_scrape,False,,
REG-040,Tier 1,stripe,Stripe,Stripe Gömülü Finans,Resmi Ürün Sayfası,https://stripe.com/en-de/use-cases/embedded-finance,static_scrape,Weekly,Yüksek,Gömülü Finans; Global İyi Uygulama,True,Official global benchmark product page.,benchmark_fact,Fintech / Benchmark,Existing,Orta,Not checked,static_scrape,False,,
REG-041,Tier 1,stripe,Stripe,Stripe Newsroom,Resmi Basın Bülteni Sayfası,https://stripe.com/newsroom,static_scrape,Weekly,Yüksek,Global İyi Uygulama; Gömülü Finans; Ödemeler ve POS,True,Official newsroom.,weekly_development,Fintech / Benchmark,Existing,Orta,Not checked,static_scrape,False,,
REG-042,Tier 1,stripe,Stripe,Stripe Embedded payments for small businesses,Resmi Ürün Sayfası,https://stripe.com/resources/more/embedded-payments-for-small-businesses,static_scrape,Weekly,Yüksek,Gömülü Finans; Ödemeler ve POS; Global İyi Uygulama,True,Official reKaynak page.,benchmark_fact,Fintech / Benchmark,Existing,Orta,Not checked,static_scrape,False,,
REG-043,Tier 1,adyen,Adyen,Adyen Unified Commerce,Resmi Ürün Sayfası,https://www.adyen.com/unified-commerce,static_scrape,Weekly,Yüksek,Ödemeler ve POS; Gömülü Finans; Global İyi Uygulama,True,Official unified commerce page.,benchmark_fact,Fintech / Benchmark,Existing,Orta,Not checked,static_scrape,False,,
REG-044,Tier 1,adyen,Adyen,Adyen Press and Media,Resmi Basın Bülteni Sayfası,https://www.adyen.com/press-and-media,static_scrape,Weekly,Yüksek,Global İyi Uygulama; iş birlikleri; Ödemeler ve POS,True,Official press page.,weekly_development,Fintech / Benchmark,Existing,Orta,Not checked,static_scrape,False,,
REG-045,Tier 1,revolut_business,Revolut Business,Revolut Business Accept Payments,Resmi Ürün Sayfası,https://www.revolut.com/business/accept-payments/,static_scrape,Weekly,Yüksek,Ödemeler ve POS; KOBİ Mevduat; Dijital KOBİ Yolculuğu,True,Official business payments page.,benchmark_fact,Fintech / Benchmark,Existing,Orta,Not checked,static_scrape,False,,
REG-046,Tier 1,revolut_business,Revolut Business,Revolut İşletme API,Resmi Geliştirici/API Dokümanı,https://developer.revolut.com/docs/business/business-api,static_scrape,Weekly,Yüksek,Gömülü Finans; Nakit Yönetimi; Dijital KOBİ Yolculuğu,True,Official developer documentation.,benchmark_fact,Fintech / Benchmark,Existing,Orta,Not checked,static_scrape,False,,
REG-047,Tier 1,wise_business,Wise Business,Wise Platform,Resmi Ürün Sayfası,https://wise.com/platform/,static_scrape,Weekly,Yüksek,Gömülü Finans; Ödemeler ve POS; Global İyi Uygulama,True,Official platform page.,benchmark_fact,Fintech / Benchmark,Existing,Orta,Not checked,static_scrape,False,,
REG-048,Tier 1,wise_business,Wise Business,Wise Platform API Docs,Resmi Geliştirici/API Dokümanı,https://docs.wise.com/,static_scrape,Weekly,Yüksek,Gömülü Finans; Ödemeler ve POS,True,Official developer documentation.,benchmark_fact,Fintech / Benchmark,Existing,Orta,Not checked,static_scrape,False,,
REG-049,Tier 2,rekabet_kurumu,Rekabet Kurumu,Rekabet Kurumu Güncel,Regülatör,https://www.rekabet.gov.tr/tr/Guncel,static_scrape,Weekly,Yüksek,Regülasyon; Ödemeler ve POS; Competition,True,Regülatör updates.,weekly_development,Regülasyon / Haber,Existing,Orta,Not checked,static_scrape,False,,
REG-050,Tier 2,rekabet_kurumu,Rekabet Kurumu,Rekabet Kurumu Mastercard and Visa investigation,Regülatör,https://www.rekabet.gov.tr/en/Guncel/investigation-launched-on-mastercard-and-visa-b69b1d5fb063f01193e90050568585c9,static_scrape,Weekly,Yüksek,Regülasyon; Ödemeler ve POS,True,Regülatör investigation page.,weekly_development,Regülasyon / Haber,Existing,Orta,Not checked,static_scrape,False,,
REG-051,Tier 2,tcmb,TCMB,TCMB Duyurular,Regülatör,https://www.tcmb.gov.tr/wps/wcm/connect/TR/TCMB+TR/Main+Menu/Duyurular/,static_scrape,Weekly,Yüksek,Regülasyon; Ödemeler ve POS; KOBİ Mevduat,True,Central bank announcements.,weekly_development,Regülasyon / Haber,Existing,Orta,Not checked,static_scrape,False,,
REG-052,Tier 2,bddk,BDDK,BDDK Duyurular,Regülatör,https://www.bddk.org.tr/Duyurular,static_scrape,Weekly,Yüksek,Regülasyon; KOBİ Mevduat; KOBİ Kredileri,True,Banking Regülatör announcements.,weekly_development,Regülasyon / Haber,Existing,Orta,Not checked,static_scrape,False,,
REG-053,Tier 2,kap,KAP,KAP Bank announcements search page,Regülatör,https://www.kap.org.tr/tr/,manual,Weekly,Yüksek,Yatırımcı İlişkileri; Regülasyon; iş birlikleri,True,Manual İzleing recommended for search-driven announcements.,weekly_development,Regülasyon / Haber,Existing,Orta,Manual source,manual,False,,
REG-054,Tier 2,turkiye_bankalar_birligi,Türkiye Bankalar Birligi,Türkiye Bankalar Birligi Duyurular,Sektör Birliği,https://www.tbb.org.tr,static_scrape,Weekly,Yüksek,Banking Sector; KOBİ Mevduat; Regülasyon,True,Banking association updates.,both,Regülasyon / Haber,Existing,Orta,Not checked,static_scrape,False,,
REG-055,Tier 2,todeb,TODEB,TODEB Duyurular,Sektör Birliği,https://www.todeb.org.tr,static_scrape,Weekly,Yüksek,Ödemeler ve POS; Regülasyon; Gömülü Finans,True,Payment and e-money association updates.,both,Regülasyon / Haber,Existing,Orta,Not checked,static_scrape,False,,
REG-056,Tier 2,webrazzi,Webrazzi,Webrazzi Fintech,Fintech Haberi,https://webrazzi.com/kategori/fintech/,static_scrape,Weekly,Orta,Gömülü Finans; Ödemeler ve POS; iş birlikleri,True,Tier 2 Fintech Haberi Kaynak.,weekly_development,Regülasyon / Haber,Existing,Orta,Not checked,static_scrape,False,,
REG-057,Tier 2,fintech_istanbul,FinTech Istanbul,FinTech Istanbul,Fintech Haberi,https://fintechistanbul.org,static_scrape,Weekly,Orta,Gömülü Finans; Ödemeler ve POS; Regülasyon,True,Tier 2 Fintech Haberi Kaynak.,weekly_development,Regülasyon / Haber,Existing,Orta,Not checked,static_scrape,False,,
REG-058,Tier 2,dunya_gazetesi,Dünya Gazetesi,Dünya Gazetesi Finans,İş/Ekonomi Haberi,https://www.dunya.com/finans,static_scrape,Weekly,Orta,KOBİ Mevduat; Banking Sector; Regülasyon,True,Tier 2 İş/Ekonomi Haberi Kaynak.,weekly_development,Regülasyon / Haber,Existing,Orta,Not checked,static_scrape,False,,
REG-059,Tier 2,bloomberg_ht,Bloomberg HT,Bloomberg HT Finans,İş/Ekonomi Haberi,https://www.bloomberght.com/finans,static_scrape,Weekly,Orta,Banking Sector; Regülasyon; KOBİ Mevduat,True,Tier 2 İş/Ekonomi Haberi Kaynak.,weekly_development,Regülasyon / Haber,Existing,Orta,Not checked,static_scrape,False,,
REG-060,Tier 2,anadolu_ajansi,Anadolu Ajansı,Anadolu Ajansı Economy,Haber Sitesi,https://www.aa.com.tr/en/economy,static_scrape,Weekly,Orta,Regülasyon; Banking Sector; Ödemeler ve POS,True,Tier 2 economy news Kaynak.,weekly_development,Regülasyon / Haber,Existing,Orta,Not checked,static_scrape,False,,
REG-061,Tier 1,qnb_finansbank,QNB Finansbank,QNB Finansbank Kampanyalar,Resmi Kampanya Sayfası,https://www.qnb.com.tr/kampanyalar,static_scrape,Weekly,Yüksek,KOBİ Kredileri; Ödemeler ve POS; Kampanyalar,True,QNB official campaigns listing for recent-development monitoring.,weekly_development,KOBİ Rakip Banka,Existing,Yüksek,Legacy active weekly source,static_scrape,True,,
REG-062,Tier 1,qnb_finansbank,QNB Finansbank,QNB Card KOBİ Ticari Kredi Kartı Kampanyaları,Resmi Kampanya Sayfası,https://www.qnbcard.com.tr/kartlar/ticari-kartlar/qnb-kobi-ticari-kredi-karti/qnb-kobi-ticari-kredi-karti-kampanyalari,static_scrape,Weekly,Yüksek,Ticari Kartlar; KOBİ; Kampanyalar,True,QNB Card official SME commercial card campaign page.,weekly_development,KOBİ Rakip Banka,Existing,Yüksek,Legacy active weekly source,static_scrape,True,,
REG-063,Tier 1,qnb_finansbank,QNB Finansbank,QNB KOBİ POS Çözümleri,Resmi Kampanya Sayfası,https://www.qnb.com.tr/isim-icin/kobi/kobi-pos-cozumleri,static_scrape,Weekly,Yüksek,Ödemeler ve POS; KOBİ; Tahsilat,True,QNB official SME POS solutions page; monitored for dated campaign/detail links.,both,KOBİ Rakip Banka,Existing,Yüksek,Legacy active weekly source,static_scrape,True,,
REG-064,Tier 1,qnb_finansbank,QNB Finansbank,QNB POS,Resmi Kampanya Sayfası,https://www.qnb.com.tr/isim-icin/kobi/kobi-pos-cozumleri/pos,static_scrape,Weekly,Yüksek,Ödemeler ve POS; Üye İşyeri; Tahsilat,True,QNB POS product page; monitored for campaign/detail links.,both,KOBİ Rakip Banka,Existing,Yüksek,Legacy active weekly source,static_scrape,True,,
REG-065,Tier 1,qnb_finansbank,QNB Finansbank,QNB Yazar Kasa POS,Resmi Kampanya Sayfası,https://www.qnb.com.tr/isim-icin/kobi/kobi-pos-cozumleri/yazar-kasa-pos,static_scrape,Weekly,Yüksek,Ödemeler ve POS; Üye İşyeri; Tahsilat,True,QNB cash register POS page; monitored for campaign/detail links.,both,KOBİ Rakip Banka,Existing,Yüksek,Legacy active weekly source,static_scrape,True,,
REG-066,Tier 1,qnb_finansbank,QNB Finansbank,QNB KOBİ Kredileri,Resmi Kampanya Sayfası,https://www.qnb.com.tr/kobi-kredileri,static_scrape,Weekly,Yüksek,KOBİ Kredileri; Nakit Yönetimi; Kampanyalar,True,QNB SME loans page; monitored only when dated development links are present.,both,KOBİ Rakip Banka,Existing,Yüksek,Legacy active weekly source,static_scrape,True,,
REG-067,Tier 1,qnb_finansbank,QNB Finansbank,QNB KOBİ Rahat,Resmi Kampanya Sayfası,https://www.qnb.com.tr/kobi-rahat,static_scrape,Weekly,Yüksek,Dijital KOBİ Yolculuğu; KOBİ Kredileri; Kampanyalar,True,QNB KOBİ Rahat page; monitored for dated product/campaign developments.,both,KOBİ Rakip Banka,Existing,Yüksek,Legacy active weekly source,static_scrape,True,,
REG-068,Tier 1,qnb_finansbank,QNB Finansbank,QNB KOBİ Ticari Kredi Kartları,Resmi Kampanya Sayfası,https://www.qnb.com.tr/kobi-ticari-kredi-kartlari,static_scrape,Weekly,Yüksek,Ticari Kartlar; KOBİ; Kampanyalar,True,QNB official SME commercial credit cards page; monitored for dated campaign/detail links.,both,KOBİ Rakip Banka,Existing,Yüksek,Legacy active weekly source,static_scrape,True,,
REG-069,Tier 1,visa,Visa,Visa Türkiye KOBİ Araçları,Resmi Kampanya Sayfası,https://www.visa.com.tr/run-your-business/small-business-tools.html,static_scrape,Weekly,Yüksek,Global İyi Uygulama; Ödemeler ve POS; KOBİ; Gömülü Finans,True,Visa Türkiye official SME tools page; permanent capability page monitored as benchmark context rather than recent-development feed.,benchmark_fact,Global Ödeme Ağı,Current,Yüksek,Not checked,static_scrape,False,,
REG-070,Tier 1,visa,Visa,Visa Global Newsroom,Resmi Basın Bülteni Sayfası,https://usa.visa.com/about-visa/newsroom.html,static_scrape,Weekly,Yüksek,Global İyi Uygulama; Ödemeler ve POS; KOBİ; Gömülü Finans,True,Visa official newsroom surface for payment ecosystem and SME signals.,weekly_development,Global Ödeme Ağı,Current,Yüksek,Legacy active weekly source,static_scrape,True,,
REG-071,Tier 1,mastercard,Mastercard,Mastercard EEMEA Newsroom,Resmi Basın Bülteni Sayfası,https://www.mastercard.com/news/eemea/en/newsroom/,manual,Weekly,Yüksek,Global İyi Uygulama; Ödemeler ve POS; Gömülü Finans; İş Birlikleri,False,Disabled for static collector: official Mastercard page returns 403 to requests-based scraping; keep as manual reference until browser collector exists.,weekly_development,Global Ödeme Ağı,Current,Yüksek,Manual source,manual,False,,
REG-072,Tier 1,mastercard,Mastercard,Mastercard EEMEA News Briefs,Resmi Basın Bülteni Sayfası,https://www.mastercard.com/news/eemea/en/newsroom/news-briefs/,manual,Weekly,Yüksek,Global İyi Uygulama; Ödemeler ve POS; Gömülü Finans; İş Birlikleri,False,Disabled for static collector: official Mastercard page returns 403 to requests-based scraping; keep as manual reference until browser collector exists.,weekly_development,Global Ödeme Ağı,Current,Yüksek,Manual source,manual,False,,
REG-073,Tier 1,mastercard,Mastercard,Mastercard EEMEA Perspectives,Resmi Basın Bülteni Sayfası,https://www.mastercard.com/news/eemea/en/perspectives/,manual,Weekly,Yüksek,Global İyi Uygulama; Dijital KOBİ Yolculuğu; Ödemeler ve POS; Gömülü Finans,False,Disabled for static collector: official Mastercard page returns 403 to requests-based scraping; keep as manual reference until browser collector exists.,weekly_development,Global Ödeme Ağı,Current,Yüksek,Manual source,manual,False,,
REG-074,Tier 1,bkm,BKM,BKM Basın Bültenleri,Sektör Birliği,https://bkm.com.tr/basin-bultenleri/,manual,Weekly,Yüksek,Ödemeler ve POS; TROY; Regülasyon; İş Birlikleri,False,Disabled for static collector: BKM page returns a small JS/app shell with no useful static links; requires browser or JS-aware collection.,weekly_development,Regülasyon / Haber,Existing,Orta,Manual source,manual,False,,
REG-075,Tier 1,bkm,BKM,BKM Haberler,Sektör Birliği,https://bkm.com.tr/haberler/,manual,Weekly,Yüksek,Ödemeler ve POS; TROY; Regülasyon; İş Birlikleri,False,Disabled for static collector: BKM page returns a small JS/app shell with no useful static links; requires browser or JS-aware collection.,weekly_development,Regülasyon / Haber,Existing,Orta,Manual source,manual,False,,
REG-076,Tier 1,bkm,BKM,BKM Duyurular,Sektör Birliği,https://bkm.com.tr/duyurular/,manual,Weekly,Yüksek,Ödemeler ve POS; TROY; Regülasyon; İş Birlikleri,False,Disabled for static collector: BKM page returns a small JS/app shell with no useful static links; requires browser or JS-aware collection.,weekly_development,Regülasyon / Haber,Existing,Orta,Manual source,manual,False,,
REG-077,Tier 1,troy,TROY,TROY Haberler,Sektör Birliği,https://www.troyodeme.com/haberler/,manual,Weekly,Yüksek,TROY; Ödemeler ve POS; Yerel Kart Şeması; İş Birlikleri,False,Disabled for static collector: validation returned 404; keep as manual placeholder until official news URL is confirmed.,weekly_development,Regülasyon / Haber,Existing,Orta,Manual source,manual,False,,
REG-078,Tier 1,alternatif_bank,Alternatif Bank,Alternatif Bank Basın Odası,Resmi Basın Bülteni Sayfası,https://www.alternatifbank.com.tr/hakkimizda/basin-odasi,static_scrape,Weekly,Yüksek,İş Birlikleri; Kampanyalar; KOBİ Kredileri; Ödemeler ve POS,True,,weekly_development,KOBİ Rakip Banka,A,Orta,Valid weekly source,static_scrape,True,,2026-06-25T11:48:37.558536+00:00
REG-079,Tier 1,alternatif_bank,Alternatif Bank,Alternatif Bank Kampanyalar,Resmi Kampanya Sayfası,https://www.alternatifbank.com.tr/kampanyalar,static_scrape,Weekly,Yüksek,KOBİ Kredileri; Ödemeler ve POS; KOBİ Mevduat; Kampanyalar; Nakit Yönetimi,True,,weekly_development,KOBİ Rakip Banka,A,Orta,Valid weekly source,static_scrape,True,,2026-06-25T11:48:37.558536+00:00
REG-080,Tier 1,denizbank,DenizBank,DenizBank Medya Merkezi / Basında DenizBank,Resmi Basın Bülteni Sayfası,https://www.denizbank.com/hakkimizda/medya-merkezi/basinda-denizbank,static_scrape,Weekly,Yüksek,İş Birlikleri; Kampanyalar; KOBİ Kredileri; Ödemeler ve POS,True,,weekly_development,KOBİ Rakip Banka,A,Yüksek,Valid weekly source,static_scrape,True,,2026-06-25T11:48:37.558536+00:00
REG-081,Tier 1,denizbank,DenizBank,DenizBank Kampanyalar,Resmi Kampanya Sayfası,https://www.denizbank.com/kampanya,static_scrape,Weekly,Yüksek,KOBİ Kredileri; Ödemeler ve POS; KOBİ Mevduat; Kampanyalar; Nakit Yönetimi,True,,weekly_development,KOBİ Rakip Banka,A,Yüksek,Valid weekly source,static_scrape,True,,2026-06-25T11:48:37.558536+00:00
REG-082,Tier 1,denizbank,DenizBank,DenizBank POS Ürünleri,Resmi POS Sayfası,https://www.denizbank.com/isim-icin/kobi-bankaciligi/uye-isyeri-ve-pos-islemleri/pos-urunleri,static_scrape,Weekly,Yüksek,Ödemeler ve POS; Ticari Kartlar; KOBİ; Tahsilat; Kampanyalar,True,,benchmark_fact,KOBİ Rakip Banka,A,Yüksek,Valid benchmark-only source,static_scrape,False,,2026-06-25T11:48:37.558536+00:00
REG-083,Tier 1,ing,ING,ING Basın Bültenleri 2026,Resmi Basın Bülteni Sayfası,https://www.ing.com.tr/tr/ing/basin-odasi/basin-bultenleri/2026,static_scrape,Weekly,Yüksek,İş Birlikleri; Kampanyalar; KOBİ Kredileri; Ödemeler ve POS,True,,weekly_development,KOBİ Rakip Banka,A,Orta,Valid weekly source,static_scrape,True,,2026-06-25T11:48:37.558536+00:00
REG-084,Tier 1,ing,ING,ING Üye İşyeri,Resmi POS Sayfası,https://www.ing.com.tr/tr/isiniz-icin/uye-isyeri,static_scrape,Weekly,Yüksek,Ödemeler ve POS; Ticari Kartlar; KOBİ; Tahsilat; Kampanyalar,True,,benchmark_fact,KOBİ Rakip Banka,A,Orta,Valid benchmark-only source,static_scrape,False,,2026-06-25T11:48:37.558536+00:00
REG-085,Tier 1,ing,ING,ING POS Ürünleri,Resmi POS Sayfası,https://www.ing.com.tr/tr/isiniz-icin/uye-isyeri/pos-urunleri,static_scrape,Weekly,Yüksek,Ödemeler ve POS; Ticari Kartlar; KOBİ; Tahsilat; Kampanyalar,True,,benchmark_fact,KOBİ Rakip Banka,A,Orta,Valid benchmark-only source,static_scrape,False,,2026-06-25T11:48:37.558536+00:00
REG-086,Tier 1,teb,TEB,TEB Basın Açıklamaları,Resmi Basın Bülteni Sayfası,https://www.teb.com.tr/teb-hakkinda/basin-aciklamalari/,static_scrape,Weekly,Yüksek,İş Birlikleri; Kampanyalar; KOBİ Kredileri; Ödemeler ve POS,True,,weekly_development,KOBİ Rakip Banka,A,Yüksek,Valid weekly source,static_scrape,True,,2026-06-25T11:48:37.558536+00:00
REG-087,Tier 1,teb,TEB,CEPTETEB İşte Kampanyaları,Resmi Kampanya Sayfası,https://www.cepteteb.com.tr/kampanyalar/cepteteb-iste-kampanyalari,static_scrape,Weekly,Yüksek,KOBİ Kredileri; Ödemeler ve POS; KOBİ Mevduat; Kampanyalar; Nakit Yönetimi,True,,weekly_development,KOBİ Rakip Banka,A,Yüksek,Valid weekly source,static_scrape,True,,2026-06-25T11:48:37.558536+00:00
REG-088,Tier 1,teb,TEB,TEB POS,Resmi POS Sayfası,https://www.teb.com.tr/tebpos/,static_scrape,Weekly,Yüksek,Ödemeler ve POS; Ticari Kartlar; KOBİ; Tahsilat; Kampanyalar,True,,benchmark_fact,KOBİ Rakip Banka,A,Yüksek,Valid benchmark-only source,static_scrape,False,,2026-06-25T11:48:37.558536+00:00
REG-089,Tier 1,sekerbank,Şekerbank,Şekerbank Esnaf KOBİ Kampanyalar,Resmi Kampanya Sayfası,https://www.sekerbank.com.tr/esnaf-kobi/kampanyalar,static_scrape,Weekly,Yüksek,KOBİ Kredileri; Ödemeler ve POS; KOBİ Mevduat; Kampanyalar; Nakit Yönetimi,True,,weekly_development,KOBİ Rakip Banka,B,Orta,Valid weekly source,static_scrape,True,,2026-06-25T11:48:52.710967+00:00
REG-090,Tier 1,sekerbank,Şekerbank,Şekerbank POS Kampanyaları,Resmi Kampanya Sayfası,https://www.sekerbank.com.tr/esnaf-kobi/uye-isyeri-pos/pos-kampanyalari,static_scrape,Weekly,Yüksek,Ödemeler ve POS; Ticari Kartlar; KOBİ; Tahsilat; Kampanyalar,True,,weekly_development,KOBİ Rakip Banka,B,Orta,Valid weekly source,static_scrape,True,,2026-06-25T11:48:52.710967+00:00
REG-091,Tier 1,sekerbank,Şekerbank,Şekerbank Ticari Kartlar,Resmi POS Sayfası,https://www.sekerbank.com.tr/ticari-kartlar,static_scrape,Weekly,Yüksek,Ödemeler ve POS; Ticari Kartlar; KOBİ; Tahsilat; Kampanyalar,True,,benchmark_fact,KOBİ Rakip Banka,B,Orta,Valid benchmark-only source,static_scrape,False,,2026-06-25T11:48:52.710967+00:00
REG-092,Tier 1,fibabanka,Fibabanka,Fibabanka Kampanyalar,Resmi Kampanya Sayfası,https://www.fibabanka.com.tr/kampanyalar,static_scrape,Weekly,Yüksek,KOBİ Kredileri; Ödemeler ve POS; KOBİ Mevduat; Kampanyalar; Nakit Yönetimi,True,,weekly_development,KOBİ Rakip Banka,B,Orta,Valid weekly source,static_scrape,True,,2026-06-25T11:48:52.710967+00:00
REG-093,Tier 1,fibabanka,Fibabanka,Fibabanka Business Kredi Kartı,Resmi KOBİ Sayfası,https://www.fibabanka.com.tr/kucuk-isletme-ve-tarim/business-kredi-karti,static_scrape,Weekly,Yüksek,Ticari Kartlar; KOBİ Kredileri; Kampanyalar,True,,benchmark_fact,KOBİ Rakip Banka,B,Orta,Valid benchmark-only source,static_scrape,False,,2026-06-25T11:48:52.710967+00:00
REG-094,Tier 1,anadolubank,Anadolubank,Anadolubank Kampanyalar,Resmi Kampanya Sayfası,https://www.anadolubank.com.tr/kampanyalar,static_scrape,Weekly,Yüksek,KOBİ Kredileri; Ödemeler ve POS; KOBİ Mevduat; Kampanyalar; Nakit Yönetimi,False,,weekly_development,KOBİ Rakip Banka,B,Orta,Static/no dated links,static_scrape,False,No dated detail links detected for recent-development flow.,2026-06-25T11:48:52.710967+00:00
REG-095,Tier 1,anadolubank,Anadolubank,Anadolubank POS,Resmi POS Sayfası,https://www.anadolubank.com.tr/isiniz-icin/pos,static_scrape,Weekly,Yüksek,Ödemeler ve POS; Ticari Kartlar; KOBİ; Tahsilat; Kampanyalar,True,,benchmark_fact,KOBİ Rakip Banka,B,Orta,Valid benchmark-only source,static_scrape,False,,2026-06-25T11:48:52.710967+00:00
REG-096,Tier 1,odeabank,Odeabank,Odeabank Basın Bültenleri,Resmi Basın Bülteni Sayfası,https://www.odeabank.com.tr/hakkimizda/basin-bultenleri,static_scrape,Weekly,Yüksek,İş Birlikleri; Kampanyalar; KOBİ Kredileri; Ödemeler ve POS,True,,weekly_development,KOBİ Rakip Banka,B,Orta,Valid weekly source,static_scrape,True,,2026-06-25T11:48:52.710967+00:00
REG-097,Tier 1,odeabank,Odeabank,Odeabank Ticari,Resmi KOBİ Sayfası,https://www.odeabank.com.tr/ticari,static_scrape,Weekly,Yüksek,KOBİ Kredileri; Ödemeler ve POS; KOBİ Mevduat; Kampanyalar; Nakit Yönetimi,True,,benchmark_fact,KOBİ Rakip Banka,B,Orta,Valid benchmark-only source,static_scrape,False,,2026-06-25T11:48:52.710967+00:00
REG-098,Tier 1,burgan_bank,Burgan Bank,Burgan Bank Basın Odası,Resmi Basın Bülteni Sayfası,https://www.burgan.com.tr/basin-odasi,static_scrape,Weekly,Yüksek,İş Birlikleri; Kampanyalar; KOBİ Kredileri; Ödemeler ve POS,True,,weekly_development,KOBİ Rakip Banka,C,Düşük,Valid weekly source,static_scrape,True,,2026-06-25T11:49:14.249478+00:00
REG-099,Tier 1,hsbc,HSBC,HSBC Türkiye,Resmi KOBİ Sayfası,https://www.hsbc.com.tr/,static_scrape,Weekly,Yüksek,KOBİ Kredileri; Ödemeler ve POS; KOBİ Mevduat; Kampanyalar; Nakit Yönetimi,True,,benchmark_fact,KOBİ Rakip Banka,C,Düşük,Valid benchmark-only source,static_scrape,False,No clear SME weekly-development source validated yet.,2026-06-25T11:49:14.249478+00:00
REG-100,Tier 1,enpara,Enpara,Enpara Şirketim,Resmi KOBİ Sayfası,https://www.enpara.com/sirketim,static_scrape,Weekly,Yüksek,KOBİ Kredileri; Ödemeler ve POS; KOBİ Mevduat; Kampanyalar; Nakit Yönetimi,True,,benchmark_fact,KOBİ Rakip Banka,C,Orta,Valid benchmark-only source,static_scrape,False,,2026-06-25T11:49:14.249478+00:00
REG-101,Tier 1,enpara,Enpara,Enpara Şirketim Kampanyalar,Resmi Kampanya Sayfası,https://www.enpara.com/sirketim/kampanyalar,static_scrape,Weekly,Yüksek,KOBİ Kredileri; Ödemeler ve POS; KOBİ Mevduat; Kampanyalar; Nakit Yönetimi,False,,weekly_development,KOBİ Rakip Banka,C,Orta,Static/no dated links,static_scrape,False,No dated detail links detected for recent-development flow.,2026-06-25T11:49:14.249478+00:00
REG-102,Tier 1,tbank,T-Bank,T-Bank Ana Sayfa,Resmi KOBİ Sayfası,https://www.tbank.com.tr/,static_scrape,Weekly,Yüksek,KOBİ Kredileri; Ödemeler ve POS; KOBİ Mevduat; Kampanyalar; Nakit Yönetimi,True,,benchmark_fact,KOBİ Rakip Banka,C,Düşük,Valid benchmark-only source,static_scrape,False,Direct weekly-development source not confirmed.,2026-06-25T11:49:14.249478+00:00
REG-103,Tier 1,turkish_bank,Turkish Bank,Turkish Bank Ana Sayfa,Resmi KOBİ Sayfası,https://www.turkishbank.com/,static_scrape,Weekly,Yüksek,KOBİ Kredileri; Ödemeler ve POS; KOBİ Mevduat; Kampanyalar; Nakit Yönetimi,True,,benchmark_fact,KOBİ Rakip Banka,C,Düşük,Valid benchmark-only source,static_scrape,False,Direct weekly-development source not confirmed.,2026-06-25T11:49:14.249478+00:00
REG-104,Tier 1,turk_ticaret_bankasi,Türk Ticaret Bankası,Türk Ticaret Bankası Ana Sayfa,Resmi KOBİ Sayfası,https://www.turkticaretbankasi.com.tr/,static_scrape,Weekly,Yüksek,KOBİ Kredileri; Ödemeler ve POS; KOBİ Mevduat; Kampanyalar; Nakit Yönetimi,True,,benchmark_fact,KOBİ Rakip Banka,C,Düşük,Valid benchmark-only source,static_scrape,False,Direct weekly-development source not confirmed.,2026-06-25T11:49:14.249478+00:00
REG-105,Tier 1,colendi_bank,Colendi Bank,Colendi Bank Basında Biz,Resmi Basın Bülteni Sayfası,https://www.colendibank.com/basinda-biz/,static_scrape,Weekly,Yüksek,İş Birlikleri; Kampanyalar; KOBİ Kredileri; Ödemeler ve POS,False,,weekly_development,KOBİ Rakip Banka,Validate-only,Belirsiz,Valid weekly source,static_scrape,False,Validation-only source; not activated for MVP until SME relevance is accepted.,2026-06-25T11:50:45.598526+00:00
REG-106,Tier 1,fups_bank,FUPS Bank,FUPS Bank,Resmi KOBİ Sayfası,https://www.fupsbank.com/,static_scrape,Weekly,Yüksek,KOBİ Kredileri; Ödemeler ve POS; KOBİ Mevduat; Kampanyalar; Nakit Yönetimi,False,,benchmark_fact,KOBİ Rakip Banka,Validate-only,Belirsiz,Valid benchmark-only source,static_scrape,False,Validate only; product scope appears retail/digital wallet.,2026-06-25T11:50:45.598526+00:00
REG-107,Tier 1,icbc_turkey,ICBC Turkey,ICBC Turkey,Resmi KOBİ Sayfası,https://www.icbc.com.tr/,manual,Weekly,Yüksek,KOBİ Kredileri; Ödemeler ve POS; KOBİ Mevduat; Kampanyalar; Nakit Yönetimi,False,,benchmark_fact,KOBİ Rakip Banka,Validate-only,Belirsiz,Manual source,manual,False,Static request blocked or browser challenge detected.,2026-06-25T11:50:45.598526+00:00
REG-108,Tier 1,arap_turk_bankasi,Arap Türk Bankası,Arap Türk Bankası,Resmi KOBİ Sayfası,https://www.atbank.com.tr/,static_scrape,Weekly,Yüksek,KOBİ Kredileri; Ödemeler ve POS; KOBİ Mevduat; Kampanyalar; Nakit Yönetimi,False,,benchmark_fact,KOBİ Rakip Banka,Validate-only,Belirsiz,Valid benchmark-only source,static_scrape,False,Validate only; SME weekly source not proven.,2026-06-25T11:50:45.598526+00:00
REG-109,Tier 1,bank_of_china_turkey,Bank of China Turkey,Bank of China Turkey,Resmi KOBİ Sayfası,https://www.bankofchina.com/tr/tr/,static_scrape,Weekly,Yüksek,KOBİ Kredileri; Ödemeler ve POS; KOBİ Mevduat; Kampanyalar; Nakit Yönetimi,False,,benchmark_fact,KOBİ Rakip Banka,Validate-only,Belirsiz,Valid benchmark-only source,static_scrape,False,Validate only; SME weekly source not proven.,2026-06-25T11:50:45.598526+00:00
REG-110,Tier 1,citibank,Citibank,Citibank manual registry placeholder,Resmi KOBİ Sayfası,https://www.citibank.com.tr/,manual,Weekly,Orta,Kurumsal Bankacılık; Benchmark,False,Registry-only/manual placeholder; not in MVP automated recent-development flow.,benchmark_fact,Wholesale / Manual,Manual-only,Düşük,Manual source,manual,False,Wholesale/institutional bank; no broad SME weekly monitoring in current MVP.,2026-06-25T11:50:45.598526+00:00
REG-111,Tier 1,deutsche_bank,Deutsche Bank,Deutsche Bank manual registry placeholder,Resmi KOBİ Sayfası,https://country.db.com/turkey/,manual,Weekly,Orta,Kurumsal Bankacılık; Benchmark,False,Registry-only/manual placeholder; not in MVP automated recent-development flow.,benchmark_fact,Wholesale / Manual,Manual-only,Düşük,Manual source,manual,False,Wholesale/institutional bank; no broad SME weekly monitoring in current MVP.,2026-06-25T11:50:45.598526+00:00
REG-112,Tier 1,jpmorgan_chase_bank,JPMorgan Chase Bank,JPMorgan Chase Bank manual registry placeholder,Resmi KOBİ Sayfası,https://www.jpmorgan.com/TR/en/about-us,manual,Weekly,Orta,Kurumsal Bankacılık; Benchmark,False,Registry-only/manual placeholder; not in MVP automated recent-development flow.,benchmark_fact,Wholesale / Manual,Manual-only,Düşük,Manual source,manual,False,Wholesale/institutional bank; no broad SME weekly monitoring in current MVP.,2026-06-25T11:50:45.598526+00:00
REG-113,Tier 1,mufg_bank_turkey,MUFG Bank Turkey,MUFG Bank Turkey manual registry placeholder,Resmi KOBİ Sayfası,https://www.mufg.com.tr/,manual,Weekly,Orta,Kurumsal Bankacılık; Benchmark,False,Registry-only/manual placeholder; not in MVP automated recent-development flow.,benchmark_fact,Wholesale / Manual,Manual-only,Düşük,Manual source,manual,False,Wholesale/institutional bank; no broad SME weekly monitoring in current MVP.,2026-06-25T11:50:45.598526+00:00
REG-114,Tier 1,intesa_sanpaolo,Intesa Sanpaolo,Intesa Sanpaolo manual registry placeholder,Resmi KOBİ Sayfası,https://www.intesasanpaolo.com.tr/,manual,Weekly,Orta,Kurumsal Bankacılık; Benchmark,False,Registry-only/manual placeholder; not in MVP automated recent-development flow.,benchmark_fact,Wholesale / Manual,Manual-only,Düşük,Manual source,manual,False,Wholesale/institutional bank; no broad SME weekly monitoring in current MVP.,2026-06-25T11:50:45.598526+00:00
REG-115,Tier 1,rabobank,Rabobank,Rabobank manual registry placeholder,Resmi KOBİ Sayfası,https://www.rabobank.com.tr/,manual,Weekly,Orta,Kurumsal Bankacılık; Benchmark,False,Registry-only/manual placeholder; not in MVP automated recent-development flow.,benchmark_fact,Wholesale / Manual,Manual-only,Düşük,Manual source,manual,False,Wholesale/institutional bank; no broad SME weekly monitoring in current MVP.,2026-06-25T11:50:45.598526+00:00
REG-116,Tier 1,soci_t_g_n_rale,Société Générale,Société Générale manual registry placeholder,Resmi KOBİ Sayfası,https://www.societegenerale.com.tr/,manual,Weekly,Orta,Kurumsal Bankacılık; Benchmark,False,Registry-only/manual placeholder; not in MVP automated recent-development flow.,benchmark_fact,Wholesale / Manual,Manual-only,Düşük,Manual source,manual,False,Wholesale/institutional bank; no broad SME weekly monitoring in current MVP.,2026-06-25T11:50:45.598526+00:00
REG-117,Tier 1,bank_mellat,Bank Mellat,Bank Mellat manual registry placeholder,Resmi KOBİ Sayfası,https://www.mellatbank.com.tr/,manual,Weekly,Orta,Kurumsal Bankacılık; Benchmark,False,Registry-only/manual placeholder; not in MVP automated recent-development flow.,benchmark_fact,Wholesale / Manual,Manual-only,Düşük,Manual source,manual,False,Wholesale/institutional bank; no broad SME weekly monitoring in current MVP.,2026-06-25T11:50:45.598526+00:00
