recent_item_id,document_id,source_id,tier,institution_id,institution_name,source_name,source_type,source_url,item_title,item_date,item_url,item_text,item_hash,detected_at,extraction_method,relevance_status,item_quality,normalized_item_date,date_confidence,date_source,is_recent,recency_cutoff,recency_reason,development_candidate_type,is_actual_development,actual_development_reason,publication_date,announcement_date,campaign_start_date,campaign_end_date,event_date_type,recency_basis_date,recency_basis_reason,is_active_campaign,active_campaign_reason,cluster_published,cluster_id
RI-f3f9d1af47d8,DOC-REG-006-20260610124523,REG-006,Tier 1,is_bankasi,İş Bankası,İş Bankası Duyurular,Resmi Basın Bülteni Sayfası,https://www.isbank.com.tr/duyurular,Kobilere Özel Avantajlı Maaş Hesabı Kampanyası | Türkiye İş Bankası,1 Ocak 2026,https://www.isbank.com.tr/kampanyalar/maas-anlasmasi-kampanyasi,"Ana Sayfa
Kampanyalar
> Diğer Kampanyalar
Firmalara Avantajlar Sunan Maaş Anlaşması Protokolü
Maaş ödemelerinizi Bankamız aracılığı ile yapın, avantajlı fırsat ve ayrıcalıklardan yararlanın!
Kampanya Detayları
Kampanyadan faydalanmak isteyen müşterilerimiz en yakın şubemize başvurabilirler.
Kampanyadan Kimler Faydalanabilir?
1 Ocak 2026 tarihi itibarıyla Bankamızla maaş anlaşması yapan KOBİ ve esnaf müşterilerimiz kampanyadan faydalanabilirler.
Kampanyaya Katılım Koşulları
ankamızla maaş protokolünün imzalanması,
Firmanıza ait elektrik/su/doğalgaz fatura ödemelerinden en az bir adet otomatik ödeme talimatının verilmesi,
ankamızdan SGK ödeme talimatı verilmesi ve vergi ödemelerinin Bankamız kredi kartıyla yapılması,
İş Bankası ticari kredi kartlarından birine sahip olmak veya bu kartlardan biri için başvuru yapılması gerekmektedir.
Kampanya ve avantajlarından faydalanabilmek için tüm kampanya katılım koşullarının yerine getirilmesi gerekmektedir.
Kampanya Katılım Koşullarını Sağlayan Firmaya Sunulan Avantajlar:
Havale ve EFT Ayrıcalığı
Kampanyamız kapsamında maaş anlaşması protokolü düzenlenen müşterilerimize 1 yıl geçerli olmak üzere İşCep ve İnternet Şubesi'nden yapacakları havale ve EFT işlemleri için masrafsızlık tanımlanacaktır. (Bu ayrıcalık, 399.000 TL'ye kadar yapılacak havale/EFT işlemleri için geçerli olacaktır. Geç EFT, cebe havale, KKTC’ye havale ve şans oyunları için yapılan para transferleri ile özel ücret tarifesi bulunan anlaşmalı kurum ödemeleri için geçerli değildir​.)
Ticari Kredi Kartına Başvuran Müşterilerimizin Hoş Geldin Kampanyası'ndan Faydalanabilmesi
Bankamızda ticari kredi kartı olmayan ve 1 Nisan 2026 tarihinden itibaren ilk kez ticari kredi kartı alacak müşterilerimiz, kart tahsisini takip eden ay sonuna kadar;
Toplamda 200.000 TL ve üzeri 400.000 TL’ye kadar alışveriş yapmaları durumunda
5.000 TL MaxiPuan
Toplamda 400.000 TL ve üzeri alışveriş yapmaları durumunda ise
7.500 TL MaxiPuan
kazanabilecektir.
Maximum Business TROY
kart sahibi olan müşterilerimiz, kart tahsisini takip eden ay sonuna kadar;
Toplamda 200.000 TL ve üzeri 400.000 TL'ye kadar alışveriş yapmaları durumunda
6.000 TL MaxiPuan
10.000 TL MaxiPuan
Bir müşteri kampanyadan yalnızca bir kere yararlanabilecek ve müşteri başına azami 10.000 TL MaxiPuan kazanılabilecektir.
Detaylı bilgiye ilgili
kampanya
sayfasından ulaşılabilecektir.
İş Bankası Ticari Kredi Kartı Yeni Müşterilerine Özel Faizsiz Taksit Kampanyası’ndan Faydalanabilmesi
1-31 Mayıs tarihleri arasında İş Bankası ticari kredi kartına ilk kez başvurun, onaylanan kartınız ile 1 Mayıs - 30 Haziran tarihleri arasında 10.000 TL ve üzeri, toplamda 50.000 TL'ye kadar gıda, elektronik-beyaz eşya, cep telefonu, giyim, mobilya, yapı-inşaat, araç bakım sektörlerinde yapacağınız peşin alışverişlerinizi İşCep uygulamasında faizsiz ve masrafsız olarak sonradan 2 ay vade ile taksitlendirme avantajından yararlanın.​
Kampanya Katılım Koşullarını Sağlayan 10 ve Üzeri Çalışanı Olan Firmalara Sunulan Avantajlar:
Ücretsiz Çekli Tarife - Aylık Mini
Tarife Adı
​İşlem
​Kanal
​İşlem Adedi
Çekli Tarife - Aylık Mini
​Çek Tahsile/Teminata Alma
​Şube
​10
​10'lu Çek Karnesi
*İş Bankası dilediği zaman ​paket şartlarını değiştirme, sona erdirme ve paket talebini reddetme hakkını saklı tutar.​
İlk Yıl Aidatsız Şirket Kredi Kartı
Kampanya kapsamında, 10 ve üzeri çalışanı için maaş anlaşması yapan firmaların yeni şirket kredi kartlarından ilk 6 ay içinde toplam 200.000 TL harcama yapılması koşuluyla aidat tutarları, ekstreye yansıdığı dönem iade edilecektir.
Kampanyanın Protokolü İmzalayan Firmaların Çalışanlarına Sunduğu Avantajlar​
Kampanya kapsamında maaş anlaşmalı kurum çalışanlarına aşağıdaki standart ayrıcalıklar sağlanacaktır:
Maaş hesaplarına bağlı Maximum kredi kartlarından kredi kartı yıllık ücreti alınmayacaktır.
İnternet Şubemiz ve İşCep’ten yapacakları yurtiçi TL havale ve EFT işlemlerinden (cebe havale, KKTC’ye havale ve şans oyunları için yapılan para transferleri ile özel ücret tarifesi bulunan anlaşmalı kurum ödemeleri hariçtir) maaş anlaşması devam ettiği sürece ücret alınmayacaktır.
Maaşını İş Bankası’ndan alan müşterilerimize özel 30 Haziran 2026 tarihine kadar %4,19​ indirimli faiz oranı ile Ek Hesap tanımlanabilecektir. Kampanya detaylarını
buradan
inceleyebilirsiniz.​
Türkiye İş Bankası, kampanyayı herhangi bir zamanda sonlandırma ve kampanya şartlarında değişiklik yapma hakkını saklı tutar. Bu durumda katılımcılar hiçbir hak iddia etmeyeceklerini kabul eder.
X Kapat",ec3358a7d3e8df18702fa3ac637c22c91fead5bd7bd3c3965292d71912b48035,2026-06-15T08:18:52.818600+00:00,detail_page_fetch,İlgili,Good,2026-01-01,Yüksek,campaign_start_date,False,2026-05-01,Kesim tarihinden eski: 2026-01-01 < 2026-05-01,Kampanya,True,Kampanya veya müşteri teklifi sinyali içeriyor.,,,2026-01-01,,Kampanya Başlangıç Tarihi,2026-01-01,Kampanya başlangıç tarihi bulundu; recency için kullanıldı.,False,,,
RI-a459cb22ec4e,DOC-REG-006-20260610124523,REG-006,Tier 1,is_bankasi,İş Bankası,İş Bankası Duyurular,Resmi Basın Bülteni Sayfası,https://www.isbank.com.tr/duyurular,Yeni Ticari Kredi Kartı Müşterilerimize Hoş Geldin Kampanyası | Türkiye İş Bankası,30 Haziran 2026,https://www.isbank.com.tr/kampanyalar/yeni-ticari-kredi-karti-musterilerimize-hos-geldin-kampanyasi,"Ana Sayfa
Kampanyalar
> Yeni Ticari Kredi Kartı Kampanyaları
Yeni Ticari Kredi Kartı Müşterilerimize Hoş Geldin Kampanyası
1 Nisan – 30 Haziran 2026 tarihleri arasında İş Bankası ticari kredi kartına ilk kez başvurun, onaylanan kartınız ile takip eden ay sonuna kadar toplamda 200.000 TL ve üzeri 400.000 TL’ye kadar yapacağınız alışverişe 5.000 TL MaxiPuan, 400.000 TL ve üzeri alışverişinize ise 7.500 TL MaxiPuan kazanın! Üstelik Maximum Business TROY kart sahibi olup takip eden ay sonuna kadar toplamda 200.000 TL ve üzeri 400.000 TL’ye kadar yapacağınız alışverişe 6.000 TL MaxiPuan, 400.000 TL ve üzeri alışverişinize ise 10.000 TL MaxiPuan kazanın!
Ticari Kredi Kartı Başvurusu
Ticari Kredi Kartı Başvuru Kanalları:
İşCep ve şubelerimiz
İşCep’te Başvurular > Ticari Kredi Kartı Başvurusu
Üstelik Gerçek kişi tacir/esnaf müşterilerimizin Ticari Kredi Kartına İşCep veya Şubelerimiz aracılığıyla başvuruları anında değerlendirilecek ve kartları iş adreslerine teslim edilecektir.
Kampanyaya dahil olan kartlar:
İş Bankası ticari kredi kartları (İş Bankası Vergi Kart, Maximum Business Aidatsız kartlar, KGF ve KOSGEB Kredileri kapsamında tahsis edilen ticari kredi kartları, Maximum Business + ve Bayi Kartlar, Bireysel nitelikli kredi kartları, Bankamatik Kartlar, Ön Ödemeleri Kartlar, İmece Kartlar, Sanal Kartlar kampanyaya dahil değildir.)
Ek koşullar:
1 Nisan – 30 Haziran 2026 tarihleri arasında tüm kanallarımızdan ticari kredi kartı başvurusunda bulunarak 01.04.2026 tarihi itibariyle Bankamızdan ilk kez kredi kartı alan müşterilerimize kart tahsisini takip eden ay sonuna kadar toplamda 200.000 TL ve üzeri 400.000 TL’ye kadar alışverişe 5.000 TL MaxiPuan hediye edilecektir. İlk kez ticari kredi kart tahsisini takip eden ay sonuna kadar toplamda 400.000 TL veya üzeri alışveriş yapılması halinde 7.500 TL MaxiPuan yüklemesi yapılacaktır. İlk kez Maximum Business TROY kart tahsis edilirse, kart tahsisini takip eden ay sonuna kadar toplamda 200.000 TL ve üzeri 400.000 TL’ye kadar alışveriş yapılması halinde 6.000 TL MaxiPuan, 400.000 TL veya üzeri alışveriş yapılması halinde ise 10.000 TL MaxiPuan yüklemesi yapılacaktır. 1 Nisan 2026 tarihinden önce tüm İş Bankası ticari kredi kartlarını iptal etmiş müşteriler de yeni ticari kredi kartı almaları halinde kampanyaya dahil edileceklerdir.01.01.2024 tarihi itibariyle düzenlenen ""Yeni Ticari Kredi Kartı Müşterilerimize Hoş Geldin Kampanyası""kapsamında puan kazanan müşterilerimiz kampanyadan tekrar faydalanamayacaktır. Bu kampanya diğer kampanya, çek, indirim ve promosyonlarla birleştirilemez.
Ödül Kullanımı:
Ödül MaxiPuan'lar ""Anında Kredi Kartı"" ile alınan başvurular dahil olmak üzere kullanılabilir ve açık durumdaki ticari kredi kartlarına kart tahsis tarihini takip eden 2. ay içerisinde yüklenecektir. Örneğin 15.04.2026 tarihinde tahsis edilen ticari kredi kart ile 31.05.2026 tarihine kadar toplamda 200.000 TL ve üzeri 400.000 TL’ye kadar alışveriş yapılması halinde 5.000 TL,TROY kart ile toplamda 200.000 TL ve üzeri 400.000 TL’ye kadar alışveriş yapılması halinde 6.000 TL, 400.000 TL veya üzeri alışveriş yapılması halinde 7.500 TL, TROY kart ile 400.000 TL veya üzeri alışveriş yapılması halinde ise 10.000 TL MaxiPuan Haziran ayı içerisinde yüklenecektir. Bir müşteri kampanyadan yalnızca bir kere yararlanabilecek ve müşteri başına azami 10.000 TL MaxiPuan kazanılabilecektir. Kampanya dönemi içerisinde gerçekleştirilen alışverişlerin iptal edilmesi veya alınan ürünlerin iade edilmesi durumunda, MaxiPuan yüklenmeyecek veya yüklenen MaxiPuan’lar geri alınacaktır. Maximiles Business kredi kartları ile kazanılan MaxiPuanlar MaxiMil olarak uçak bileti alımında ve otel rezervasyonlarında kullanılabilecektir. Kampanya kapsamında yüklenecek MaxiPuan'ların son kullanım tarihi 30.09.2026’dır (bu tarih dahil).
Türkiye İş Bankası kampanyayı durdurma ve değiştirme hakkını saklı tutar.
Geçmiş Kampanyalarımız
01 Ocak 2026
1 Ocak – 31 Mart 2026 tarihleri arasında tüm kanallarımızdan ticari kredi kartı başvurusunda bulunarak 01.01.2026 tarihi itibariyle Bankamızdan ilk kez kredi kartı alan müşterilerimize kart tahsisini takip eden ay sonuna kadar toplamda 150.000 TL ve üzeri 300.000 TL’ye kadar alışverişe 5.000 TL MaxiPuan hediye edilecektir. İlk kez ticari kredi kart tahsisini takip eden ay sonuna kadar toplamda 300.000 TL veya üzeri alışveriş yapılması halinde 7.500 TL MaxiPuan yüklemesi yapılacaktır. İlk kez Maximum Business TROY kart tahsis edilirse, kart tahsisini takip eden ay sonuna kadar toplamda 150.000 TL ve üzeri 300.000 TL’ye kadar alışveriş yapılması halinde 6.000 TL MaxiPuan, 300.000 TL veya üzeri alışveriş yapılması halinde ise 10.000 TL MaxiPuan yüklemesi yapılacaktır. 1 Ocak 2026 tarihinden önce tüm İş Bankası ticari kredi kartlarını iptal etmiş müşteriler de yeni ticari kredi kartı almaları halinde kampanyaya dahil edileceklerdir.01.01.2024 tarihi itibariyle düzenlenen ""Yeni Ticari Kredi Kartı Müşterilerimize Hoş Geldin Kampanyası""kapsamında puan kazanan müşterilerimiz kampanyadan tekrar faydalanamayacaktır. Bu kampanya diğer kampanya, çek, indirim ve promosyonlarla birleştirilemez.
Ödül MaxiPuan'lar ""Anında Kredi Kartı"" ile alınan başvurular dahil olmak üzere kullanılabilir ve açık durumdaki ticari kredi kartlarına kart tahsis tarihini takip eden 2. ay içerisinde yüklenecektir. Örneğin 15.01.2026 tarihinde tahsis edilen ticari kredi kart ile 28.02.2026 tarihine kadar toplamda 150.000 TL ve üzeri 300.000 TL’ye kadar alışveriş yapılması halinde 5.000 TL,TROY kart ile toplamda 150.000 TL ve üzeri 300.000 TL’ye kadar alışveriş yapılması halinde 6.000 TL, 300.000 TL veya üzeri alışveriş yapılması halinde 7.500 TL, TROY kart ile 300.000 TL veya üzeri alışveriş yapılması halinde ise 10.000 TL MaxiPuan Mart ayı içerisinde yüklenecektir. Bir müşteri kampanyadan yalnızca bir kere yararlanabilecek ve müşteri başına azami 10.000 TL MaxiPuan kazanılabilecektir. Kampanya dönemi içerisinde gerçekleştirilen alışverişlerin iptal edilmesi veya alınan ürünlerin iade edilmesi durumunda, MaxiPuan yüklenmeyecek veya yüklenen MaxiPuan’lar geri alınacaktır. Maximiles Business kredi kartları ile kazanılan MaxiPuanlar MaxiMil olarak uçak bileti alımında ve otel rezervasyonlarında kullanılabilecektir. Kampanya kapsamında yüklenecek MaxiPuan'ların son kullanım tarihi 31.05.2026’dır (bu tarih dahil).
01 Ekim 2025
1 Ekim – 31 Aralık 2025 tarihleri arasında tüm kanallarımızdan ticari kredi kartı başvurusunda bulunarak 01.10.2025 tarihi itibariyle Bankamızdan ilk kez kredi kartı alan müşterilerimize kart tahsisini takip eden ay sonuna kadar toplamda 150.000 TL ve üzeri 300.000 TL’ye kadar alışverişe 5.000 TL MaxiPuan hediye edilecektir. İlk kez ticari kredi kart tahsisini takip eden ay sonuna kadar toplamda 300.000 TL veya üzeri alışveriş yapılması halinde 7.500 TL MaxiPuan yüklemesi yapılacaktır. İlk kez Maximum Business TROY kart tahsis edilirse, kart tahsisini takip eden ay sonuna kadar toplamda 150.000 TL ve üzeri 300.000 TL’ye kadar alışveriş yapılması halinde 6.000 TL MaxiPuan, 300.000 TL veya üzeri alışveriş yapılması halinde ise 10.000 TL MaxiPuan yüklemesi yapılacaktır. 1 Ekim 2025 tarihinden önce tüm İş Bankası ticari kredi kartlarını iptal etmiş müşteriler de yeni ticari kredi kartı almaları halinde kampanyaya dahil edileceklerdir.01.01.2024 tarihi itibariyle düzenlenen ""Yeni Ticari Kredi Kartı Müşterilerimize Hoş Geldin Kampanyası""kapsamında puan kazanan müşterilerimiz kampanyadan tekrar faydalanamayacaktır. Bu kampanya diğer kampanya, çek, indirim ve promosyonlarla birleştirilemez.
Ödül MaxiPuan'lar ""Anında Kredi Kartı"" ile alınan başvurular dahil olmak üzere kullanılabilir ve açık durumdaki ticari kredi kartlarına kart tahsis tarihini takip eden 2. ay içerisinde yüklenecektir. Örneğin 15.10.2025 tarihinde tahsis edilen ticari kredi kart ile 30.11.2025 tarihine kadar toplamda 150.000 TL ve üzeri 300.000 TL’ye kadar alışveriş yapılması halinde 5.000 TL,TROY kart ile toplamda 150.000 TL ve üzeri 300.000 TL’ye kadar alışveriş yapılması halinde 6.000 TL, 300.000 TL veya üzeri alışveriş yapılması halinde 7.500 TL, TROY kart ile 300.000 TL veya üzeri alışveriş yapılması halinde ise 10.000 TL MaxiPuan Aralık ayı içerisinde yüklenecektir. Bir müşteri kampanyadan yalnızca bir kere yararlanabilecek ve müşteri başına azami 10.000 TL MaxiPuan kazanılabilecektir. Kampanya dönemi içerisinde gerçekleştirilen alışverişlerin iptal edilmesi veya alınan ürünlerin iade edilmesi durumunda, MaxiPuan yüklenmeyecek veya yüklenen MaxiPuan’lar geri alınacaktır. Maximiles Business kredi kartları ile kazanılan MaxiPuanlar MaxiMil olarak uçak bileti alımında ve otel rezervasyonlarında kullanılabilecektir. Kampanya kapsamında yüklenecek MaxiPuan'ların son kullanım tarihi 31.03.2026’dır (bu tarih dahil).
01 Temmuz 2025
1 Temmuz - 30 Eylül 2025 tarihleri arasında tüm kanallarımızdan ticari kredi kartı başvurusunda bulunarak 01.07.2025 tarihi itibariyle Bankamızdan ilk kez kredi kartı alan müşterilerimize kart tahsisini takip eden ay sonuna kadar toplamda 150.000 TL ve üzeri 300.000 TL’ye kadar alışverişe 5.000 TL MaxiPuan hediye edilecektir. İlk kez ticari kredi kart tahsisini takip eden ay sonuna kadar toplamda 300.000 TL veya üzeri alışveriş yapılması halinde 7.500 TL MaxiPuan yüklemesi yapılacaktır. İlk kez Maximum Business TROY kart tahsis edilirse, kart tahsisini takip eden ay sonuna kadar toplamda 300.000 TL veya üzeri alışveriş yapılması halinde ise 10.000 TL MaxiPuan yüklemesi yapılacaktır. 1 Temmuz 2025 tarihinden önce tüm İş Bankası ticari kredi kartlarını iptal etmiş müşteriler de yeni ticari kredi kartı almaları halinde kampanyaya dahil edileceklerdir. Bu kampanya diğer kampanya, çek, indirim ve promosyonlarla birleştirilemez. 01.01.2024 tarihi itibariyle düzenlenen ""Yeni Ticari Kredi Kartı Müşterilerimize Hoş Geldin Kampanyası""kapsamında puan kazanan müşterilerimiz kampanyadan tekrar faydalanamayacaktır.
Ödül MaxiPuan'lar ""Anında Kredi Kartı"" ile alınan başvurular dahil olmak üzere kullanılabilir ve açık durumdaki ticari kredi kartlarına kart tahsis tarihini takip eden 2. ay içerisinde yüklenecektir. Örneğin 15.07.2025 tarihinde tahsis edilen ticari kredi kart ile 31.08.2025 tarihine kadar toplamda 150.000 TL ve üzeri 300.000 TL’ye kadar alışveriş yapılması halinde 5.000 TL, 300.000 TL veya üzeri alışveriş yapılması halinde 7.500 TL, TROY kart ile 300.000 TL veya üzeri alışveriş yapılması halinde ise 10.000 TL MaxiPuan Eylül ayı içerisinde yüklenecektir. Bir müşteri kampanyadan yalnızca bir kere yararlanabilecek ve müşteri başına azami 10.000 TL MaxiPuan kazanılabilecektir. Kampanya dönemi içerisinde gerçekleştirilen alışverişlerin iptal edilmesi veya alınan ürünlerin iade edilmesi durumunda, MaxiPuan yüklenmeyecek veya yüklenen MaxiPuan’lar geri alınacaktır. Maximiles Business kredi kartları ile kazanılan MaxiPuanlar MaxiMil olarak uçak bileti alımında ve otel rezervasyonlarında kullanılabilecektir. Kampanya kapsamında yüklenecek MaxiPuan'ların son kullanım tarihi 30.12.2025’tür (bu tarih dahil).
02 Nisan 2025
2 Nisan - 30 Haziran 2025 tarihleri arasında tüm kanallarımızdan ticari kredi kartı başvurusunda bulunarak 02.04.2025 tarihi itibariyle Bankamızdan ilk kez kredi kartı alan müşterilerimize kart tahsisini takip eden ay sonuna kadar toplamda 150.000 TL ve üzeri 300.000 TL’ye kadar alışverişe 5.000 TL MaxiPuan hediye edilecektir. İlk kez ticari kredi kart tahsisini takip eden ay sonuna kadar toplamda 300.000 TL veya üzeri alışveriş yapılması halinde 7.500 TL MaxiPuan yüklemesi yapılacaktır. 2 Nisan 2025 tarihinden önce tüm İş Bankası ticari kredi kartlarını iptal etmiş müşteriler de yeni ticari kredi kartı almaları halinde kampanyaya dahil edileceklerdir. Bu kampanya diğer kampanya, çek, indirim ve promosyonlarla birleştirilemez.
Ödül MaxiPuan'lar ""Anında Kredi Kartı"" ile alınan başvurular dahil olmak üzere kullanılabilir ve açık durumdaki ticari kredi kartlarına kart tahsis tarihini takip eden 2. ay içerisinde yüklenecektir. Örneğin 15.04.2025 tarihinde tahsis edilen ticari kredi kart ile 31.05.2025 tarihine kadar toplamda 150.000 TL ve üzeri 300.000 TL’ye kadar alışveriş yapılması halinde 5.000 TL, 300.000 TL veya üzeri alışveriş yapılması halinde 7.500 TL MaxiPuan Haziran ayı içerisinde yüklenecektir. Bir müşteri kampanyadan yalnızca bir kere yararlanabilecek ve müşteri başına azami 7.500 TL MaxiPuan kazanılabilecektir. Kampanya dönemi içerisinde gerçekleştirilen alışverişlerin iptal edilmesi veya alınan ürünlerin iade edilmesi durumunda, MaxiPuan yüklenmeyecek veya yüklenen MaxiPuan’lar geri alınacaktır. Maximiles Business kredi kartları ile kazanılan MaxiPuanlar MaxiMil olarak uçak bileti alımında ve otel rezervasyonlarında kullanılabilecektir. Kampanya kapsamında yüklenecek MaxiPuan'ların son kullanım tarihi 31.08.2025’tir (bu tarih dahil).
01 Ocak 2025
1 Ocak – 31 Mart 2025 tarihleri arasında tüm kanallarımızdan ticari kredi kartı başvurusunda bulunarak 01.01.2025 tarihi itibariyle Bankamızdan ilk kez kredi kartı alan müşterilerimize kart tahsisini takip eden ay sonuna kadar toplamda 100.000 TL ve üzeri 250.000 TL’ye kadar alışverişe 5.000 TL MaxiPuan hediye edilecektir. İlk kez ticari kredi kart tahsisini takip eden ay sonuna kadar toplamda 250.000 TL veya üzeri alışveriş yapılması halinde 7.500 TL MaxiPuan yüklemesi yapılacaktır. 1 Ocak 2025 tarihinden önce tüm İş Bankası ticari kredi kartlarını iptal etmiş müşteriler de yeni ticari kredi kartı almaları halinde kampanyaya dahil edileceklerdir. Bu kampanya diğer kampanya, çek, indirim ve promosyonlarla birleştirilemez.
Ödül MaxiPuan'lar ""Anında Kredi Kartı"" ile alınan başvurular dahil olmak üzere kullanılabilir ve açık durumdaki ticari kredi kartlarına kart tahsis tarihini takip eden 2. ay içerisinde yüklenecektir. Örneğin 15.01.2025 tarihinde tahsis edilen ticari kredi kart ile 28.02.2025 tarihine kadar toplamda 100.000 TL ve üzeri 250.000 TL’ye kadar alışveriş yapılması halinde 5.000 TL, 250.000 TL veya üzeri alışveriş yapılması halinde 7.500 TL MaxiPuan Mart ayı içerisinde yüklenecektir. Bir müşteri kampanyadan yalnızca bir kere yararlanabilecek ve müşteri başına azami 7.500 TL MaxiPuan kazanılabilecektir. Kampanya dönemi içerisinde gerçekleştirilen alışverişlerin iptal edilmesi veya alınan ürünlerin iade edilmesi durumunda, MaxiPuan yüklenmeyecek veya yüklenen MaxiPuan’lar geri alınacaktır. Maximiles Business kredi kartları ile kazanılan MaxiPuanlar MaxiMil olarak uçak bileti alımında ve otel rezervasyonlarında kullanılabilecektir. Kampanya kapsamında yüklenecek MaxiPuan'ların son kullanım tarihi 31.05.2025’tir (bu tarih dahil).
01 Ekim 2024
İşCep Ticari'den Hemen Başvur
İşCep Bireysel'den Hemen Başvur
1 Ekim - 31 Aralık 2024 tarihleri arasında tüm kanallarımızdan ticari kredi kartı başvurusunda bulunarak 01.10.2024 tarihi itibariyle Bankamızdan ilk kez kredi kartı alan müşterilerimize kart tahsisini takip eden ay sonuna kadar toplamda 100.000 TL ve üzeri 250.000 TL’ye kadar alışverişe 5.000 TL MaxiPuan hediye edilecektir. İlk kez ticari kredi kart tahsisini takip eden ay sonuna kadar toplamda 250.000 TL veya üzeri alışveriş yapılması halinde 7.500 TL MaxiPuan yüklemesi yapılacaktır. İlk kez Maximum Business TROY kart tahsis edilirse, kart tahsisini takip eden ay sonuna kadar toplamda 250.000 TL veya üzeri alışveriş yapılması halinde ise 10.000 TL MaxiPuan yüklemesi yapılacaktır. 1 Ekim 2024 tarihinden önce tüm İş Bankası ticari kredi kartlarını iptal etmiş müşteriler de yeni ticari kredi kartı almaları halinde kampanyaya dahil edileceklerdir. Bu kampanya diğer kampanya, çek, indirim ve promosyonlarla birleştirilemez.
Ödül MaxiPuan'lar ""Anında Kredi Kartı"" ile alınan başvurular dahil olmak üzere kullanılabilir ve açık durumdaki ticari kredi kartlarına kart tahsis tarihini takip eden 2. ay içerisinde yüklenecektir. Örneğin 15.10.2024 tarihinde tahsis edilen ticari kredi kart ile 30.11.2024 tarihine kadar toplamda 100.000 TL ve üzeri 250.000 TL’ye kadar alışveriş yapılması halinde 5.000 TL, 250.000 TL veya üzeri alışveriş yapılması halinde 7.500 TL, TROY kart ile 250.000 TL veya üzeri alışveriş yapılması halinde ise 10.000 TL MaxiPuan Aralık ayı içerisinde yüklenecektir. Bir müşteri kampanyadan yalnızca bir kere yararlanabilecek ve müşteri başına azami 10.000 TL MaxiPuan kazanılabilecektir. Kampanya dönemi içerisinde gerçekleştirilen alışverişlerin iptal edilmesi veya alınan ürünlerin iade edilmesi durumunda, MaxiPuan yüklenmeyecek veya yüklenen MaxiPuan’lar geri alınacaktır. Maximiles Business kredi kartları ile kazanılan MaxiPuanlar MaxiMil olarak uçak bileti alımında ve otel rezervasyonlarında kullanılabilecektir. Kampanya kapsamında yüklenecek MaxiPuan'ların son kullanım tarihi 31.03.2025’tir (bu tarih dahil).
01 Temmuz 2024
İşCep Bireysel'den Hemen Başvur​
​​Üstelik Gerçek kişi tacir/esnaf müşterilerimizin Ticari Kredi Kartına İşCep veya Şubelerimiz aracılığıyla başvuruları anında
değerlendirilecek ve kartları iş adreslerine teslim edilecektir.
1 Temmuz – 30 Eylül 2024 tarihleri arasında tüm kanallarımızdan ticari kredi kartı başvurusunda bulunarak 01.07.2024 tarihi itibariyle Bankamızdan ilk kez kredi kartı alan müşterilerimize kart tahsisini takip eden ay sonuna kadar toplamda 100.000 TL ve üzeri 250.000 TL’ye kadar alışverişe 5.000 TL MaxiPuan hediye edilecektir. İlk kez ticari kredi kart tahsisini takip eden ay sonuna kadar toplamda 250.000 TL veya üzeri alışveriş yapılması halinde 7.500 TL MaxiPuan yüklemesi yapılacaktır. İlk kez Maximum Business TROY kart tahsis edilirse, kart tahsisini takip eden ay sonuna kadar toplamda 250.000 TL veya üzeri alışveriş yapılması halinde ise 10.000 TL MaxiPuan yüklemesi yapılacaktır. 1 Temmuz 2024 tarihinden önce tüm İş Bankası ticari kredi kartlarını iptal etmiş müşteriler de yeni ticari kredi kartı almaları halinde kampanyaya dahil edileceklerdir. Bu kampanya diğer kampanya, çek, indirim ve promosyonlarla birleştirilemez.
Ödül MaxiPuan'lar ""Anında Kredi Kartı"" ile alınan başvurular dahil olmak üzere kullanılabilir ve açık durumdaki ticari kredi kartlarına kart tahsis tarihini takip eden 2. ay içerisinde yüklenecektir. Örneğin 15.07.2024 tarihinde tahsis edilen ticari kredi kart ile 31.08.2024 tarihine kadar toplamda 100.000 TL ve üzeri 250.000 TL’ye kadar alışveriş yapılması halinde 5.000 TL, 250.000 TL veya üzeri alışveriş yapılması halinde 7.500 TL, TROY kart ile 250.000 TL veya üzeri alışveriş yapılması halinde ise 10.000 TL MaxiPuan Eylül ayı içerisinde yüklenecektir. Bir müşteri kampanyadan yalnızca bir kere yararlanabilecek ve müşteri başına azami 10.000 TL MaxiPuan kazanılabilecektir. Kampanya dönemi içerisinde gerçekleştirilen alışverişlerin iptal edilmesi veya alınan ürünlerin iade edilmesi durumunda, MaxiPuan yüklenmeyecek veya yüklenen MaxiPuan’lar geri alınacaktır. Maximiles Business kredi kartları ile kazanılan MaxiPuanlar MaxiMil olarak uçak bileti alımında ve otel rezervasyonlarında kullanılabilecektir. Kampanya kapsamında yüklenecek MaxiPuan'ların son kullanım tarihi 31.12.2024’tür (bu tarih dahil).
01 Nisan 2024
İşCep ve Şubelerimiz
İşCep’te Başvurular >
1 Nisan – 30 Haziran 2024 tarihleri arasında tüm kanallarımızdan ticari kredi kartı başvurusunda bulunarak 01.04.2024 tarihi itibariyle Bankamızdan ilk kez kredi kartı alan müşterilerimize harcama koşulunu sağlamaları halinde 3.000 TL MaxiPuan yüklemesi yapılacaktır. 1 Nisan 2024 tarihinden önce tüm İş Bankası ticari kredi kartlarını iptal etmiş müşteriler de yeni ticari kredi kartı almaları halinde kampanyaya dahil edileceklerdir. Bu kampanya diğer kampanya, çek, indirim ve promosyonlarla birleştirilemez.
Ödül MaxiPuan'lar ""Anında Kredi Kartı"" ile alınan başvurular dahil olmak üzere kullanılabilir ve açık durumdaki ticari kredi kartlarına kart tahsis tarihini takip eden 2. ay içerisinde yüklenecektir. Örneğin 15.04.2024 tarihinde tahsis edilen ticari kredi kart ile 31.05.2024 tarihine kadar toplamda 100.000 TL veya üzeri alışveriş yapılması halinde 3.000 TL MaxiPuan Haziran ayı içerisinde yüklenecektir. Bir müşteri kampanyadan yalnızca bir kere yararlanabilecek ve müşteri başına azami 3.000 TL MaxiPuan kazanılabilecektir. Kampanya dönemi içerisinde gerçekleştirilen alışverişlerin iptal edilmesi veya alınan ürünlerin iade edilmesi durumunda, MaxiPuan yüklenmeyecek veya yüklenen MaxiPuan’lar geri alınacaktır. Maximiles Business kredi kartları ile kazanılan MaxiPuanlar MaxiMil olarak uçak bileti alımında ve otel rezervasyonlarında kullanılabilecektir. Kampanya kapsamında yüklenecek MaxiPuan'ların son kullanım tarihi 31.08.2024’tür (bu tarih dahil).
X Kapat",e712297ffdfd21b4897ba8d9654eb7ba5aee5149e9004adddd8cf1f3000f92ef,2026-06-15T08:19:05.540757+00:00,detail_page_fetch,İlgili,Good,2026-04-01,Yüksek,campaign_start_date,False,2026-05-01,Kesim tarihinden eski: 2026-04-01 < 2026-05-01,Kampanya,True,Kampanya veya müşteri teklifi sinyali içeriyor.,,,2026-04-01,2026-06-30,Kampanya Başlangıç Tarihi,2026-04-01,Kampanya başlangıç tarihi bulundu; recency için kullanıldı.,True,Recency baz tarihi eski; kampanya bitiş tarihi kesim tarihinden sonra görünüyor.,,
RI-e5e9c4bc4bfb,DOC-REG-006-20260610124523,REG-006,Tier 1,is_bankasi,İş Bankası,İş Bankası Duyurular,Resmi Basın Bülteni Sayfası,https://www.isbank.com.tr/duyurular,Organize Sanayi Bölgelerinde (OSB) Faaliyet Gösteren KOBİ’lerimize Yönelik Finansman Paketi | Türkiye İş Bankası A.Ş.,13 Haziran 2024,https://www.isbank.com.tr/kampanyalar/osb-faaliyet-gosteren-kobilerimize-yonelik-finansman-paketi,"Ana Sayfa
Kampanyalar
> Ticari Kredi Kampanyaları
OSB Finansman Paketi
Yeşil dönüşümden dijital dönüşüme, ihracattan teminat mektubuna işinizi ileri taşıyan destekler OSB Finansman Paketi ile İş Bankası'nda!
OSB'lerde yer alan KOBİ'lerimizin ikiz dönüşüm (yeşil ve dijital dönüşüm) süreçlerine hız katmak için Organize Sanayi Bölgeleri Üst Kurulu (OSBÜK) ile 13 Haziran 2024 tarihinde protokol imzalanmıştır.
İmzalanan bu protokol ile OSB'lerde yer alan firmaları yeşil dönüşüm ve dijital dönüşüm yatırımları, ihracat kredileri, vergi ödemeleri, ticari kredi kartları ve teminat mektupları gibi birçok hizmetimizle destekliyoruz.
OSBÜK protokolünün müşterilerimize avantajları nelerdir?
Avantajlı faiz oranı ile İkiz Dönüşüm Kredileri,
Avantajlı faiz oranı ile TL İhracat Kredisi,​​
Avantajlı faiz oranı ile TL teminat mektubu,
Kredi kullanan müşterilerimize İşCep Ticari ve Ticari İnternet Şubesi’nden yapacakları 100 havale işlemi için 6 ay süreli olarak masrafsızlık tanımlaması (Masrafsızlık tanımlaması 3​00.000 TL’ye kadar yapılacak havale işlemleri için geçerli olacaktır.)
Ticari kredi kartlarının sunduğu taksit, MaxiPuan gibi pek çok avantaj
İkiz Dönüşüm Kredilerinin kapsamı nedir?
Kampanyamız kapsamında Organize Sanayi Bölgesi sınırları içerisinde faaliyet gösteren müşterilerimizin sürdürülebilirlik ve dijital dönüşümleri desteklenmekte olup ikiz dönüşüm süreçlerine hız katacak
İkiz Dönüşüm Kredileri
avantajlı oranlarla sunulmaktadır.
Yeşil dönüşüm ve dijital dönüşümün birlikte gerçekleştirilmesiyle maliyetlerde azalma, verimlilikte artış, çevreci üretim ve tüketime geçiş sağlanarak karbon ayak izi ve emisyonların azalması hedeflenmektedir.
İkiz dönüşüm finansmanını kapsayan 4 alan şunlardır:
Yeşil Dönüşüm ve Yenilenebilir Enerji yatırımları:
Öz tüketim amaçlı gerçekleştirecek olan çatı, cephe ve arazi tipi lisanssız Güneş Enerji Santrali yatırımlarının yanı sıra rüzgâr, HES gibi diğer alternatif yenilenebilir enerji kaynaklarına geçişi de kapsamaktadır.
Enerji/Su/Kaynak Verimliliği Yatırımları:
Enerji verimliliği sağlayarak enerji maliyetlerini düşüren her türlü yatırım için yetkili Enerji Verimliliği Danışman (EVD) firması tarafından hazırlanmış fizibilite raporu karşılığı yatırımlar finanse edilmektedir. Aynı zamanda su ve kaynak verimliliği yatırımları da bu kapsamda değerlendirilmektedir.
Su Atık Yönetimi Yatırımları:
Atık su arıtma, atık su geri kazanım, gri su arıtma sistemi veya gemi balast suyu arıtma sistemi yatırımı yapmak isteyen veya mevcut bu tesislerini iyileştirilmesidir.
Dijital Dönüşüm:
Üretimden, insan kaynakları yönetimine, muhasebe çözümlerinden, CRM uygulamalarına kadar firmaların tüm faaliyet döngülerinde verimlilik artışı, maliyet azaltımı ve iş hacmi kazanımı sağlayacak dijital teknolojilere dayanan entegrasyonları kapsamaktadır.
OSBÜK Protokolünden kimler yararlanabilir?
OSBÜK üyesi Organize Sanayi Bölgelerinde faaliyet gösteren KOBİ’lerimiz ve Organize Sanayi Bölgesi Yönetimleri kampanyamızdan faydalanabilecektir.
Kampanya başvurusu nasıl yapılır?
Başvurunuzu
şubelerimizden
yapabilirsiniz. Detaylı bilgi almak ve diğer kampanya seçeneklerimizi öğrenmek için
şubelerimiz
ile iletişime geçebilirsiniz.
Türkiye İş Bankası A.Ş. önceden haber vermeksizin kampanya koşullarında değişiklik yapma ve/veya kampanyayı iptal etme hakkını saklı tutar. Kredi talepleri için son karar İş Bankası tarafından verilecektir. Yasal hadler çerçevesinde limit tahsis ve revizyon ücretleri alınabilecektir. İş Bankası, kredi talebini reddetme ya da gerekli gördüğü takdirde farklı şartlarda kredi tahsis etme ve teminat talep etme hakkına sahiptir.
X Kapat",ea273ff1954a01940fc76655aa05fc56795f45440e9d181e31fcd718579ec3dd,2026-06-15T08:19:26.568048+00:00,detail_page_fetch,İlgili,Good,2024-06-13,Yüksek,campaign_start_date,False,2026-05-01,Kesim tarihinden eski: 2024-06-13 < 2026-05-01,Kampanya,True,Kampanya veya müşteri teklifi sinyali içeriyor.,,,2024-06-13,,Kampanya Başlangıç Tarihi,2024-06-13,Kampanya başlangıç tarihi bulundu; recency için kullanıldı.,False,,,
RI-d810de770c4b,DOC-REG-006-20260610124523,REG-006,Tier 1,is_bankasi,İş Bankası,İş Bankası Duyurular,Resmi Basın Bülteni Sayfası,https://www.isbank.com.tr/duyurular,amazon-pazar-yeri-hak-edis-odemesi-kampanyasi | Türkiye İş Bankası A.Ş.,01.02.2026,https://www.isbank.com.tr/kampanyalar/amazon-pazar-yeri-hak-edis-odemesi-kampanyasi,"Ana Sayfa
Kampanyalar
> E-Ticaret Kampanyaları
Amazon Pazar Yeri Hak Ediş Ödemesi Kampanyası
Amazon hak ediş ödemelerini Bankamıza getiren satıcılar 37.000 TL’ye varan MaxiPuan kazanma fırsatını yakalıyor. Üstelik bu bedeli getiren yeni müşterilerimiz, ücretsiz havale ve EFT fırsatı ayrıcalığından da yararlanıyor.
​Kampanyanın Sağlayacağı Faydalar Nelerdir?
Hak ediş ödemelerini ilk kez Bankamız üzerinden alan satıcılar, ilk ay hak ediş tutarının %5’ine kadar aşağıda belirtilen baremler dahilinde MaxiPuan kazanacaktır.
Kampanyamız kapsamında müşterilerimize İşCep ve İnternet Şubesi’nden yapacakları 100 havale ve 100 EFT için masrafsızlık tanımlaması yapılacaktır (Masrafsızlık tanımlaması
399.000 TL'ye kadar yapılacak havale/EFT işlemleri için geçerl
i olacaktır. Masrafsızlık tanımlaması Geç EFT, cebe havale, KKTC'ye havale ve şans oyunları için yapılan para transferleri, NYDO ve özel ücret tarifesi bulunan anlaşmalı kurum ödemeleri için geçerli değildir.).
Kampanyanın Detayları Nelerdir?
01.02.2026 itibari ile hak ediş ödemelerini Bankamız üzerinden alan satıcılar,
000 TL'ye varan MaxiPuan
kazanacaktır.
Kampanyadan 01.02.2026 tarihi itibarıyla ödeme almış olan müşteriler faydalanacaktır.
2025 yılında
hak ediş ödemesini belirli pazar yerlerinden (Amazon, Çiçeksepeti, Hepsiburada, N11, Pazarama, Trendyol, Yemeksepeti) Bankamız hesaplarına getirmiş olan müşteriler
kampanyaya dahil değildir
İlk hak ediş ödemesi
ile kazanılacak puan üst tutarı aylık hak ediş tutarının %5’i olmak üzere
asgari 100 TL
azami 7.000
'dir.
Sonraki süreçte puan üst sınırı
aylık hak ediş tutarının %5’i olmak üzere
azami 3.000 TL
’dir.
Kampanyaya dahil olan pazar yerlerinden alınan hak edişlerin toplamı MaxiPuan hesaplamasına dahil edilecektir.
ampa
nyanın 11 ay boyunca devamı için hak ediş ödemelerinin her ay Bankamız üzerinden alınmış olması gereklidir.
Kampanyadan faydalanabilmek için
ticari kredi kartı
ticari ek hesap ve 2 adet otomatik fatura talimatı
sahibi olmanız ve fatura talimatlarının aktif ödenmesi gereklidir.​​
Söz konusu puan hediyesi; hak ediş ödemesinin alındığı ayı takip e
den ay içerisinde gerçekleştirilecektir. İlk hak ediş ödemeleri Mart ayı itibarıyla başlayacaktır.
Kampanyadan Kimler Faydalanabilir?
Amazon’dan satış yapan ve buradan gelen hak ediş ödemelerini Bankamızda bulunan ticari hesaplarına yönlendiren müşterilerimiz kampanyadan faydalanabilecektir. Kurye hak ediş ödemeleri kampanya kapsamında değildir.​
Kampanya Hangi Tarihe Kadar Geçerlidir?
31 Aralık 2026 tarihine kadar geçerlidir.
Türkiye İş Bankası A.Ş. önceden haber vermeksizin kampanya koşullarında değişiklik yapma ve/veya kampanyayı iptal etme hakkını saklı tutar.
X Kapat",640836301f9425650470e91b2bcdcdeafa0a58d5013ec4ff318337025d965665,2026-06-15T08:19:27.945735+00:00,detail_page_fetch,İlgili,Good,2026-02-01,Yüksek,campaign_start_date,False,2026-05-01,Kesim tarihinden eski: 2026-02-01 < 2026-05-01,Kampanya,True,Kampanya veya müşteri teklifi sinyali içeriyor.,,,2026-02-01,,Kampanya Başlangıç Tarihi,2026-02-01,Kampanya başlangıç tarihi bulundu; recency için kullanıldı.,False,,,
