recent_item_id,document_id,source_id,tier,institution_id,institution_name,source_name,source_type,source_url,item_title,item_date,item_url,item_text,item_hash,canonical_item_url,normalized_title,content_fingerprint,detected_at,extraction_method,relevance_status,item_quality,publication_date,announcement_date,campaign_start_date,campaign_end_date,event_date_type,recency_basis_date,recency_basis_reason,is_active_campaign,active_campaign_reason,cluster_published,cluster_id,normalized_item_date,date_confidence,date_source,is_recent,recency_cutoff,recency_reason,development_candidate_type,is_actual_development,actual_development_reason
RI-69b5a4d8b3c2,DOC-REG-003-20260615122330,REG-003,Tier 1,garanti_bbva,Garanti BBVA,Garanti BBVA Kurumsal communication / press releases,Resmi Basın Bülteni Sayfası,https://www.garantibbva.com.tr/kurumsal-iletisim,Garanti BBVA TOBFED İş Birliği,22 Mayıs 2026,https://www.garantibbva.com.tr/content/public-website/kurumsal-iletisim/garanti-bbva-tobfed-is-birligi,"Garanti BBVA TOBFED İş Birliği
22 Mayıs 2026
Garanti BBVA ve TOBFED’den Otomotiv Ekosisteminde Güçlü Finansman İş Birliği
TOBFED Yetkili Uygulama Merkezleri ve sektörel işletmelerde anında alışveriş kredisi dönemi başladı.
Garanti BBVA ile Türkiye Araç Satış Sonrası Hizmetler Federasyonu (TOBFED), otomotiv perakende ve satış sonrası hizmetler ekosisteminde faaliyet gösteren işletmeler ile araç sahiplerinin finansmana erişimini kolaylaştıracak bir iş birliğine imza attı. İş birliği kapsamında, TOBFED’e bağlı anlaşmalı Yetkili Uygulama Merkezleri ve sektörel derneklere üye işletmelerde müşterilere anında alışveriş kredisi imkânı sunulacak.
Hayata geçirilen iş birliğiyle müşteriler, şubeye gitmeye gerek kalmadan, hızlı ve pratik süreçlerle ihtiyaç duydukları finansmana kolayca ulaşabilecek. Garanti BBVA’nın güçlü finansal altyapısı ve dijital bankacılık çözümleri sayesinde kredi süreçleri daha hızlı, erişilebilir ve kullanıcı dostu hale gelirken; işletmelerin satış süreçleri ve nakit akışlarının da desteklenmesi hedefleniyor.
TOBFED Yetkili Uygulama Merkezleri ve sektörel işletmelere finansal açıdan önemli avantajlar sunan iş birliği, aynı zamanda sektörün sürdürülebilir büyümesine katkı sağlayacak çözümlerin yaygınlaşmasını da destekleyecek.
Garanti BBVA Tüketici Finansmanı Direktörü Koray Öztopçu
, iş birliğine ilişkin değerlendirmesinde şunları söyledi:
“Otomotiv perakende ve satış sonrası hizmet ekosisteminde müşteri beklentileri her geçen gün daha hızlı, pratik ve dijital çözümlere yöneliyor. Biz de Garanti BBVA olarak müşterilerimizin ihtiyaç duyduğu finansmana doğru anda, doğru kanaldan ulaşmalarını sağlayacak çözümler geliştirmeye devam ediyoruz. TOBFED ile gerçekleştirdiğimiz bu iş birliği sayesinde, anlaşmalı Yetkili Uygulama Merkezleri ve sektörel işletmelerde anında alışveriş kredisi çözümleri sunarak hem müşteri deneyimini iyileştiriyor hem de işletmelerin iş süreçlerini kolaylaştırıyoruz. Güçlü finansal altyapımız ve dijital bankacılık yetkinliklerimizle, otomotiv sektöründe sürdürülebilir büyümeyi destekleyen önemli bir adım atmaktan mutluluk duyuyoruz.”
TOBFED Genel Başkanı Serkan Bakırtaş
ise iş birliğini şu sözlerle değerlendirdi:
“Araç satış sonrası hizmetler alanında faaliyet gösteren işletmelerimizin müşterilerine daha hızlı ve erişilebilir ödeme imkanları sunması sektörümüz adına büyük önem taşıyor. Garanti BBVA ile gerçekleştirdiğimiz bu iş birliği sayesinde Yetkili Uygulama Merkezlerimiz ve üye işletmelerimiz güçlü bir finansal destek altyapısına kavuşurken, araç sahipleri de ihtiyaç duydukları hizmetlere daha kolay ulaşabilecek. Bu iş birliğini sektörümüzün dijitalleşmesi, büyümesi ve sürdürülebilir gelişimi açısından önemli bir adım olarak görüyoruz.”
Garanti BBVA, farklı sektörlere özel geliştirdiği finansman çözümleri ve stratejik iş birlikleriyle müşterilerinin yanında olmaya, iş ortaklarının büyümesini desteklemeye ve ekonomi için değer yaratmaya devam ediyor.",a24aafe826c1a45ecc2760fcebb491baffc149e2dbb60dda00c3b10b859937f4,https://www.garantibbva.com.tr/content/public-website/kurumsal-iletisim/garanti-bbva-tobfed-is-birligi,garanti bbva tobfed i̇ş birliği,a24aafe826c1a45ecc2760fcebb491baffc149e2dbb60dda00c3b10b859937f4,2026-06-15T12:23:37.704323+00:00,detail_page_fetch,Beklemede,Good,,2026-05-22,,,Duyuru Tarihi,2026-05-22,Duyuru/basın tarihi bulundu; recency için kullanıldı.,False,,False,,2026-05-22,Yüksek,announcement_date,True,2026-05-01,Kesim tarihi ve tarih güveni uygun: 2026-05-22,Kampanya,True,Kampanya veya müşteri teklifi sinyali içeriyor.
RI-c8641a4c3026,DOC-REG-003-20260615122330,REG-003,Tier 1,garanti_bbva,Garanti BBVA,Garanti BBVA Kurumsal communication / press releases,Resmi Basın Bülteni Sayfası,https://www.garantibbva.com.tr/kurumsal-iletisim,Ödeme İste API ile Tahsilatta Yeni Dönem,21 Mayıs 2026,https://www.garantibbva.com.tr/content/public-website/kurumsal-iletisim/odeme-iste-api-ile-tahsilatta-yeni-donem,"Ödeme İste API ile Tahsilatta Yeni Dönem
21 Mayıs 2026
Garanti BBVA’dan Ödeme İste API ile Tahsilatta Yeni Dönem
Garanti BBVA, BKM entegrasyonlu Ödeme İste API çözümünü hayata geçirdi. Yeni uygulama sayesinde firmalar tahsilat süreçlerini kendi sistemleri üzerinden yönetebilirken, müşteriler de faturalarını hızlı, kolay ve kesintisiz şekilde ödeyebiliyor.
Garanti BBVA, ödeme ve tahsilat süreçlerinde dijitalleşmeyi ileri taşıyan yeni çözümü BKM entegrasyonlu
Ödeme İste
API’yi canlı ortamda kullanıma aldı. Uludağ Elektrik ile gerçekleştirilen iş birliği kapsamında hayata geçirilen uygulama sayesinde Uludağ Elektrik müşterileri banka uygulamalarına iletilen Ödeme İste taleplerini tek bir onayla hızlı ve güvenli bir şekilde tamamlayabiliyor.
Yeni çözüm sayesinde firmalar, Garanti BBVA dijital kanallarına girmeye gerek kalmadan kendi sistemleri üzerinden Garanti BBVA Ödeme İste API aracılığıyla ödeme isteği oluşturabiliyor; böylece tahsilat süreçleri daha hızlı, esnek ve operasyonel olarak daha verimli hale geliyor.
Garanti BBVA Genel Müdür Yardımcısı Cemal Onaran,
konuyla ilgili yaptığı değerlendirmede şunları söyledi: “Servis bankacılığı vizyonumuz doğrultusunda, müşterilerimizin iş yapış biçimlerine doğrudan entegre olan çözümler geliştirmeyi öncelikli odak alanlarımız arasında görüyoruz. BKM entegrasyonlu Ödeme İste API ile firmalar tahsilat süreçlerini kendi sistemleri üzerinden yönetebilirken, müşteriler de çok daha hızlı ve kesintisiz bir ödeme deneyimi yaşayabiliyor. Uludağ Elektrik ile birlikte hayata geçirdiğimiz bu uygulamanın, ödeme süreçlerinin dijitalleşmesi ve müşteri deneyiminin iyileştirilmesi açısından önemli bir örnek oluşturduğuna inanıyoruz. Bu çözümün firmaların nakit akışını daha etkin yönetmelerine, operasyonel verimliliklerini artırmalarına ve dijital dönüşüm süreçlerini hızlandırmalarına katkı sağlayacağını düşünüyoruz.”
Ödeme süreçlerinde daha hızlı ve kesintisiz deneyim
Uludağ Elektrik, Türkiye Cumhuriyet Merkez Bankası (TCMB) ve BKM ortaklığında geliştirilen FAST altyapılı “Ödeme İste” hizmetini kendi sistemlerine entegre ederek kullanıcı dostu yeni bir tahsilat modeli geliştirdi. Yeni sistem kapsamında belirli kriterleri karşılayan müşterilere otomatik ödeme talebi iletiliyor. Müşteriler, banka uygulamalarına gelen bildirimi onaylayarak faturalarını tek adımda ödeyebiliyor. Böylece unutulan faturalar, yetersiz bakiye nedeniyle gerçekleşmeyen otomatik ödeme talimatları ve manuel ödeme süreçlerinden kaynaklanan aksaklıkların azaltılması hedefleniyor.
Uludağ Elektrik Genel Müdürü Remezan Arslan
, uygulamayla ilgili yaptığı açıklamada:
“Dijitalleşmeyi yalnızca bir teknoloji yatırımı olarak değil, müşteri deneyimini iyileştiren bütüncül bir dönüşüm olarak ele alıyoruz. Garanti BBVA iş birliğiyle hayata geçirdiğimiz bu yeni yapı sayesinde müşterilerimizin ödeme süreçlerini daha pratik, hızlı ve güvenli hale getiriyoruz. ‘Ödeme İste’ çözümünün ödeme alışkanlıklarını dönüştüren önemli bir adım olduğuna inanıyoruz,” dedi.
Firmalara operasyonel kolaylık sağlıyor
Ödeme İste API çözümüyle firmalar, BKM’nin sunduğu Kolay Adres Sistemi (KOLAS) altyapısı üzerinden bireysel veya kurumsal müşterilerine hızlı ve güvenli ödeme talebi gönderebiliyor. Böylece IBAN paylaşımı gibi manuel süreçlere ihtiyaç duyulmadan tahsilatlar kolaylaştırılıyor.
Özellikle KOBİ, ticari ve kurumsal firmalara yönelik geliştirilen API çözümü; tahsilat süreçlerinin firmaların operasyonel akışlarına entegre edilmesine imkân tanırken, firmalar Garanti BBVA Developer Portal üzerinden başvurularını gerçekleştirerek sistemlerini uçtan uca dijital bir süreçle canlı ortama taşıyabiliyor.",68979aa86c2dbfe46a8488cda73f18c7e9e122103556c82936276a5a960b782c,https://www.garantibbva.com.tr/content/public-website/kurumsal-iletisim/odeme-iste-api-ile-tahsilatta-yeni-donem,ödeme i̇ste api ile tahsilatta yeni dönem,68979aa86c2dbfe46a8488cda73f18c7e9e122103556c82936276a5a960b782c,2026-06-15T12:23:37.999430+00:00,detail_page_fetch,Beklemede,Good,,2026-05-21,,,Duyuru Tarihi,2026-05-21,Duyuru/basın tarihi bulundu; recency için kullanıldı.,False,,False,,2026-05-21,Yüksek,announcement_date,True,2026-05-01,Kesim tarihi ve tarih güveni uygun: 2026-05-21,İş Birliği,True,"İş birliği, mutabakat veya entegrasyon duyurusu içeriyor."
RI-a1196981f113,DOC-REG-003-20260615122330,REG-003,Tier 1,garanti_bbva,Garanti BBVA,Garanti BBVA Kurumsal communication / press releases,Resmi Basın Bülteni Sayfası,https://www.garantibbva.com.tr/kurumsal-iletisim,Kadın Girişimcilerin Finansmana Erişimi İçin Yeni Destek,12 Haziran 2026,https://www.garantibbva.com.tr/content/public-website/kurumsal-iletisim/kadin-girisimcilerin-finansmana-erisimi-icin-yeni-destek,"Kadın Girişimcilerin Finansmana Erişimi İçin Yeni Destek
12 Haziran 2026
Garanti BBVA, Kredi Garanti Fonu (KGF) iş birliğiyle kadın girişimcilerin finansmana erişimini desteklemek amacıyla yeni bir kredi destek paketini hayata geçiriyor. Kefalet desteği sunulan paket kapsamında toplam 2 Milyar kefalet limiti bulunuyor.
Garanti BBVA, kadın girişimcilerin finansmana erişimini desteklemek amacıyla Kredi Garanti Fonu (KGF) ile yeni bir kredi destek paketini hayata geçiriyor. Toplam 2 milyar TL kefalet limiti kapsamında kadın girişimcilere kefalet desteği sağlanacak.
Kadın Girişimcinin Finansmana Erişim desteği kapsamında; %50 ve üzeri kadın sahipliği bulunan ve başvuru tarihi itibarıyla ticaret sicil gazetesinde kadın ortağın şirketi temsilen imza yetkisine sahip olduğu tüzel firmalar ile şahıs firmaları destekten yararlanabilecek. Program kapsamında kadın girişimciler en fazla 10 milyon TL‘ye kadar kredi kullanabilecek. Kadın girişimciler detaylı bilgi için Garanti BBVA şubelerine başvurabilecekler.
“Teminata erişimde zorlanan kadın girişimciler için çok kıymetli”
Garanti BBVA Genel Müdür Yardımcısı Sibel Kaya kadın girişimciler için bu yeni finansman olanağını şu sözlerle değerlendirdi: “Garanti BBVA olarak bankacılığı aynı zamanda yol arkadaşlığı, rehberlik ve uzun vadeli ortaklık olarak tanımlıyoruz. Kadın girişimciliğini de yaklaşık 20 yıldır bu anlayışla destekliyoruz. Finansman, eğitim, cesaretlendirme ve pazara erişim olmak üzere dört temel alanda çok boyutlu bir modelle ilerliyoruz. Finansman tarafında son beş yılda kadın girişimcilere sağladığımız destek 350 milyar TL’yi aştı. Şimdi de KGF iş birliğiyle yeni bir finansman olanağını hayata geçiriyoruz. Bu yeni kredi destek paketini çok kıymetli buluyoruz, çünkü özellikle teminata erişimde zorlanan kadın girişimciler için %80 kefalet desteği önemli bir avantaj sağlayacak. Kadın girişimcilerin ekonomide daha güçlü yer almasının yalnızca bireysel başarı değil, aynı zamanda kapsayıcı büyüme ve sürdürülebilir kalkınma açısından da kritik olduğuna inanıyoruz. Bu anlayışla kadın girişimcilerin yanında olmaya ve ‘Birlikte Yaparız’ demeye devam edeceğiz.”
Kadın girişimcilere ihtiyaç duydukları her alanda destek sağlanıyor
Garanti BBVA, kadın girişimciliğine yönelik çalışmalarını yalnızca finansman desteğiyle sınırlamıyor. Banka, kadın girişimcileri 20 yıldır finansman, eğitim, cesaretlendirme ve pazarlara erişim alanlarında dört ana eksende kesintisiz destekliyor.
Cesaretlendirme kapsamında, bugüne kadar 50 bini aşkın başvuru alınan Türkiye’nin Kadın Girişimcisi Yarışması ise bu yıl 19. kez gerçekleştirildi.
Eğitim eksininde ise Türkiye Kadın Girişimci Akademisi ile bugüne kadar 6 bin kadın girişimciye eğitim desteği sağladı.
KAGİDER iş birliğiyle yürüttüğü Ticaretin Kadınları platformu üzerinden yaklaşık 1.500 işletme ve 4 bine yakın kullanıcıyı yeni iş bağlantıları ve tedarik zincirleriyle buluşturuyor.",ca398f9366f29f39ff337f0c054a0da59ebd4bbf19e0699d7c2bce9604ff5993,https://www.garantibbva.com.tr/content/public-website/kurumsal-iletisim/kadin-girisimcilerin-finansmana-erisimi-icin-yeni-destek,kadın girişimcilerin finansmana erişimi i̇çin yeni destek,ca398f9366f29f39ff337f0c054a0da59ebd4bbf19e0699d7c2bce9604ff5993,2026-06-15T12:23:38.293189+00:00,detail_page_fetch,Beklemede,Good,,2026-06-12,,,Duyuru Tarihi,2026-06-12,Duyuru/basın tarihi bulundu; recency için kullanıldı.,False,,False,,2026-06-12,Yüksek,announcement_date,True,2026-05-01,Kesim tarihi ve tarih güveni uygun: 2026-06-12,Kampanya,True,Kampanya veya müşteri teklifi sinyali içeriyor.
RI-2b0df05d9558,DOC-REG-003-20260615122330,REG-003,Tier 1,garanti_bbva,Garanti BBVA,Garanti BBVA Kurumsal communication / press releases,Resmi Basın Bülteni Sayfası,https://www.garantibbva.com.tr/kurumsal-iletisim,Garanti BBVA Sürdürülebilir Sendikasyon Kredisi,11 Haziran 2026,https://www.garantibbva.com.tr/content/public-website/kurumsal-iletisim/garanti-bbva-surdurulebilir-sendikasyon-kredisi,"Garanti BBVA Sürdürülebilir Sendikasyon Kredisi
11 Haziran 2026
Garanti BBVA, uluslararası piyasalardan sağladığı adil geçiş temalı sendikasyon kredisiyle ilk tematik sendikasyon kredisini aldı
Garanti BBVA, uluslararası piyasalardan 367 gün, 24 ay 2 gün ve 36 ay 2 gün vadeli sürdürülebilirlik temalı
[1]
sendikasyon kredisi sağladı. 15 ülkeden 32 finansal kurumun katılımıyla gerçekleştirilen işlem, Garanti BBVA’nın ilk tematik sendikasyon kredisi olma özelliğini taşırken, Türkiye’nin adil geçişini
[2]
desteklemeyi amaçlıyor.
Garanti BBVA, yurtdışı borçlanma programı kapsamında uluslararası piyasalardan sağladığı sürdürülebilirlik temalı sendikasyon kredisi anlaşmasını başarıyla tamamladı.
Banka, toplamda 32,5 milyon dolar ve 23,5 milyon avro tutarında 367 gün vadeli, 105,25 milyon dolar ve 40 milyon avro tutarında 24 ay 2 gün vadeli, 87,5 milyon dolar ve 2 milyon avro tutarında 36 ay 2 gün vadeli olmak üzere sürdürülebilirlik temalı sendikasyon kredisi anlaşması imzaladı.
15 ülkeden 32 finansal kurumun katılımıyla sağlanan sendikasyon kredisinin 367 gün vadeli dilimlerinin toplam maliyeti dolar ve avro için sırasıyla SOFR + %1,25 ve Euribor + %1,10 olarak gerçekleşti. 24 ay 2 gün vadeli dilimlerin toplam maliyeti dolar için SOFR + %1,75 ve avro için Euribor + %1,60 olurken, 36 ay 2 gün vadeli dilimlerin toplam maliyeti ise dolar için SOFR + %2,00 ve avro için Euribor + %1,80 seviyesinde gerçekleşti.
Haziran döneminde uluslararası yatırımcılardan yoğun ilgi gören işlem kapsamında, sektördeki diğer bankalarda olduğu gibi üç yıl vadeli dilimler de yatırımcıların ilgisine sunuldu. Katılan banka sayısı ve sağlanan kaynak tutarı açısından güçlü talep gören sendikasyon işlemiyle Garanti BBVA, kredisini yeniledi.
Garanti BBVA’nın Sürdürülebilir Borç Finansmanı Çerçevesi kapsamında gerçekleştirilen işlem, sürdürülebilir finansman alanındaki yaklaşımını bir adım ileri taşırken, 24 ay 2 gün ve 36 ay iki gün vadeli dilimlerinin Banka’nın ilk tematik sendikasyon kredisi olmasının yanı sıra adil geçiş temasını odağına alan yapısıyla da öne çıkıyor. İşlemden sağlanan kaynağın, Sürdürülebilir Borç Finansmanı Çerçevesi’nde tanımlanan uygunluk kriterleri kapsamında çevresel dönüşümü destekleyen[1] ve aynı zamanda olumlu sosyal etkiler yaratan projelerin finansmanında kullanılması hedefleniyor. Bu doğrultuda kaynağın, düşük karbonlu ekonomiye[2] adil geçişi destekleyen yatırımlara[3] yönlendirilmesinin yanı sıra istihdamın, sosyal kapsayıcılığın, yetkinlik gelişiminin ve ekonomik fırsatlara erişimin güçlendirilmesine katkı sağlayabilecek faaliyetlerin finansmanına tahsis edilmesi amaçlanıyor.
Garanti BBVA Genel Müdürü Mahmut Akten
, işlemle ilgili yaptığı değerlendirmede şunları söyledi: ""Uluslararası piyasalarda gerçekleştirdiğimiz bu işlemle Garanti BBVA’ya duyulan güveni ve bankamızın güçlü finansal yapısını bir kez daha ortaya koyduk. Küresel piyasalarda belirsizliklerin sürdüğü bir dönemde, farklı vadelerde ve para birimlerinde sağladığımız bu kaynakla fonlama yapımızı daha da güçlendirirken müşterilerimize kesintisiz destek sunma kapasitemizi de artırıyoruz. Bu işlemi ayrıca özel kılan unsur, bankamızın ilk tematik sendikasyon kredisi olması. Sürdürülebilir finansmanı iş modelimizin merkezinde konumlandırıyor, ekonomik büyümenin çevresel ve sosyal etkiler gözetilerek desteklenmesi gerektiğine inanıyoruz. Sağlanan kaynağın sürdürülebilir finansman hedeflerimize katkı sağlamasının yanı sıra düşük karbonlu ekonomiye adil geçişi destekleyerek ülkemiz ekonomisine ve reel sektöre verdiğimiz desteği de güçlendireceğine inanıyoruz.""
[1] Çevresel dönüşümü destekleyen; sera gazı emisyonlarının azaltılması, enerji verimliliğinin artırılması, kaynak kullanımının iyileştirilmesi gibi çevresel etkilerin azaltılmasına katkı sağlayan faaliyetleri ifade eder.
[2] Düşük karbonlu ekonomi; ekonomik büyümenin, sera gazı emisyonlarının azaltılması ve iklim değişikliğiyle mücadele hedefleriyle uyumlu şekilde gerçekleştirilmesini amaçlayan ekonomik yapıyı ifade eder.
[3] Adil geçişi destekleyen yatırımlar; düşük karbonlu ekonomiye geçiş sürecinin ekonomik ve sosyal etkilerinden etkilenebilecek topluluklar ve diğer paydaşlar açısından adil ve kapsayıcı sonuçlar yaratmayı amaçlayan, iklim hedefleriyle uyumlu yatırımları ifade eder.
[4] Düşük karbonlu ekonomi; ekonomik büyümenin, sera gazı emisyonlarının azaltılması ve iklim değişikliğiyle mücadele hedefleriyle uyumlu şekilde gerçekleştirilmesini amaçlayan ekonomik yapıyı ifade eder.
[5] Adil geçişi destekleyen yatırımlar; düşük karbonlu ekonomiye geçiş sürecinin ekonomik ve sosyal etkilerinden etkilenebilecek topluluklar ve diğer paydaşlar açısından adil ve kapsayıcı sonuçlar yaratmayı amaçlayan, iklim hedefleriyle uyumlu yatırımları ifade eder.",ba2e94f6579fb0d0e3c8c5a22b1c4345bc0a523bc58b2926862513555837d065,https://www.garantibbva.com.tr/content/public-website/kurumsal-iletisim/garanti-bbva-surdurulebilir-sendikasyon-kredisi,garanti bbva sürdürülebilir sendikasyon kredisi,ba2e94f6579fb0d0e3c8c5a22b1c4345bc0a523bc58b2926862513555837d065,2026-06-15T12:23:38.557892+00:00,detail_page_fetch,Beklemede,Good,,2026-06-11,,,Duyuru Tarihi,2026-06-11,Duyuru/basın tarihi bulundu; recency için kullanıldı.,False,,False,,2026-06-11,Yüksek,announcement_date,True,2026-05-01,Kesim tarihi ve tarih güveni uygun: 2026-06-11,Kampanya,True,Kampanya veya müşteri teklifi sinyali içeriyor.
RI-f2f1685394b7,DOC-REG-003-20260615122330,REG-003,Tier 1,garanti_bbva,Garanti BBVA,Garanti BBVA Kurumsal communication / press releases,Resmi Basın Bülteni Sayfası,https://www.garantibbva.com.tr/kurumsal-iletisim,Global Summit of Women 2026,8 Haziran 2026,https://www.garantibbva.com.tr/content/public-website/kurumsal-iletisim/global-summit-of-women-2026,"Global Summit of Women 2026
8 Haziran 2026
Garanti BBVA, Global Summit of Women’da Kadın Girişimciliğindeki 20 Yıllık Deneyimini Dünyayla Paylaştı
Garanti BBVA’nın ana destekçileri arasında yer aldığı Global Summit of Women 2026, dünyanın farklı ülkelerinden bakanları, iş dünyası liderlerini, yatırımcıları, girişimcileri ve kanaat önderlerini İstanbul’da bir araya getirdi. Kadın girişimciliği, kapsayıcı büyüme, yatırım ekosistemi ve sürdürülebilir kalkınma başlıklarının ele alındığı zirvede Garanti BBVA, kadın girişimciliğine yönelik 20 yıllık destek modelinin yanı sıra, KOBİ bankacılığı deneyimini ve bu alandaki yaklaşımını da uluslararası katılımcılarla paylaştı.
4-6 Haziran tarihleri arasında düzenlenen zirveye farklı ülkelerden kamu temsilcileri, küresel şirket yöneticileri, yatırımcılar ve girişimcilik ekosisteminin önde gelen isimleri katıldı. Program kapsamında T.C. Hazine ve Maliye Bakanı Mehmet Şimşek’in yanı sıra çok sayıda uluslararası konuşmacı da yer aldı.
Kadın girişimciliği alanındaki deneyim uluslararası platforma taşındı
Kadınların ekonomideki rolü, girişimcilik, liderlik ve yatırım ekosistemi başlıklarının öne çıktığı zirvede, Garanti BBVA Genel Müdür Yardımcısı Sibel Kaya konuşmacı olarak yer aldı.
Sibel Kaya, T.C. Hazine ve Maliye Bakanı Mehmet Şimşek’in ana konuşmacı olduğu “Türkiye'de Ticaret Yapmak” oturumunda; KOBİ’lerin ekonomideki önemi, girişimcilik ekosistemi ve kadın girişimciliğinin dönüşüm üzerindeki etkisine ilişkin değerlendirmelerde bulundu. Kaya ayrıca, Garanti BBVA’nın 20 yılı aşkın süredir kadın girişimcilere yönelik sürdürdüğü destek çalışmalarını ve bu alandaki yaklaşımını paylaştı.
“Kadın girişimciliğini ekonomik ve toplumsal dönüşümün önemli bir parçası olarak görüyoruz”
Garanti BBVA Genel Müdür Yardımcısı Sibel Kaya zirveye ilişkin değerlendirmesinde şunları söyledi:
“Kadın girişimciliği alanında farklı ülkelerde geliştirilen deneyimlerin paylaşılması ve ortak öğrenme kültürünün güçlenmesi açısından Global Summit of Women gibi uluslararası platformları çok değerli buluyoruz. Garanti BBVA olarak kadın girişimciliğini 20 yıldır finansman, eğitim, cesaretlendirme ve pazara erişim olmak üzere dört temel alanda destekliyoruz.
Son 5 yılda kadın girişimcilere sağladığımız 350 milyar TL finansmanla, onların ekonomik hayatta daha güçlü yer almasına katkı sunmayı sürdürdük. Kadın girişimciliğini yalnızca bir sosyal sorumluluk alanı olarak değil; kapsayıcı büyüme ve sürdürülebilir kalkınmanın önemli bir unsuru olarak görüyoruz.
Bugün kadın girişimciler yalnızca kendi işletmelerini değil, içinde bulundukları ekosistemi de dönüştürüyor. Türkiye’de geliştirdiğimiz bu uzun soluklu destek modelinin uluslararası platformlarda örnek uygulama olarak paylaşılmasını çok kıymetli buluyoruz.
Yakın dönemde kadın girişimciliğine yönelik model ve deneyimlerimizi IFC ile İstanbul’da paylaşırken, Birleşmiş Milletler Kadının Statüsü Komisyonu kapsamında New York’ta düzenlenen etkinlikte de uluslararası kamuoyuna aktardık. Şimdi ise Global Summit of Women’da dünyanın farklı ülkelerinden iş dünyası temsilcileri, yatırımcılar ve girişimcilik ekosistemi liderleriyle bu deneyimi paylaşmaya devam ediyoruz.
Kadın girişimcilerin küresel ölçekte daha görünür ve güçlü olması gerektiğine inanıyoruz. Bu doğrultuda Techstars iş birliğimiz ve Startup Weekend Women gibi platformlarla kadın girişimcilerimizi uluslararası ağlarla buluşturmayı önemsiyoruz. Çünkü kadın girişimcilerin güçlenmesinin yalnızca ekonomik büyümeyi değil, toplumsal dönüşümü de beraberinde getirdiğine inanıyoruz.”
Kadın girişimciler deneyimlerini uluslararası katılımcılarla paylaştı
Zirvede Garanti BBVA’nın desteklediği kadın girişimciler de farklı oturumlarda yer aldı. Türkiye’nin Kadın Girişimcisi Yarışması’nın önceki dönem kazananlarından Nebyan Doğal’ın kurucusu Nazlı Uyanık ile Mol-E’nin kurucusu Müge Baltacı, Entrepreneurship Forum ve Youth Forum oturumlarında girişimcilik yolculuklarını ve büyüme hikâyelerini uluslararası katılımcılarla paylaştı.
Garanti BBVA Girişim Bankacılığı Yöneticisi Selin Öz ise zirvenin kapanış gününde gerçekleştirilen “Investing for Your and Your Business’ Financial Future” panelinde konuşmacı olarak yer aldı. Panelde bireysel ve kurumsal finansal gelecek, yatırım perspektifi ve sürdürülebilir büyüme başlıkları ele alındı.",82fb782bfdb26b316ea38a0c0a386ad61fdaa9412ea3fc30b9bc7e50096e1f28,https://www.garantibbva.com.tr/content/public-website/kurumsal-iletisim/global-summit-of-women-2026,global summit of women 2026,82fb782bfdb26b316ea38a0c0a386ad61fdaa9412ea3fc30b9bc7e50096e1f28,2026-06-15T12:23:39.015768+00:00,detail_page_fetch,Beklemede,Good,,2026-06-08,,,Duyuru Tarihi,2026-06-08,Duyuru/basın tarihi bulundu; recency için kullanıldı.,False,,False,,2026-06-08,Yüksek,announcement_date,True,2026-05-01,Kesim tarihi ve tarih güveni uygun: 2026-06-08,İş Birliği,True,"İş birliği, mutabakat veya entegrasyon duyurusu içeriyor."
RI-975507b1b15c,DOC-REG-003-20260615122330,REG-003,Tier 1,garanti_bbva,Garanti BBVA,Garanti BBVA Kurumsal communication / press releases,Resmi Basın Bülteni Sayfası,https://www.garantibbva.com.tr/kurumsal-iletisim,Garanti BBVA Leasing Sürdürülebilirlik Çerçeve Mutabakatı,01 Haziran 2026,https://www.garantibbva.com.tr/content/public-website/kurumsal-iletisim/garanti-bbva-leasing-surdurulebilirlik-cerceve-mutabakati,"Garanti BBVA Leasing Sürdürülebilirlik Çerçeve Mutabakatı
01 Haziran 2026
Garanti BBVA ve Garanti BBVA Leasing’ten sürdürülebilir finansmanda öncü adım
Garanti BBVA ile Garanti BBVA Leasing arasında imzalanan sürdürülebilirlik çerçeve mutabakatı kapsamında, 2 milyar TL tutarında ilk sürdürülebilirlikle bağlantılı IRS (faiz swap) işlemi ve 5 milyon euro tutarında ilk sürdürülebilirlikle bağlantılı kredi (SLL) işlemi gerçekleştirildi. İşlemler, sürdürülebilirlik performans kriterlerinin hem finansman hem de faiz risk yönetimi süreçlerine entegre edilmesini sağladı.
Garanti BBVA, sürdürülebilir finansman alanındaki yenilikçi uygulamalarına bir yenisini daha ekledi. Garanti BBVA ile Garanti BBVA Leasing arasında imzalanan sürdürülebilirlik çerçeve mutabakatı ile 2 milyar TL tutarında ilk sürdürülebilirlikle bağlantılı IRS (faiz swap) işlemi ve 5 milyon euro tutarında ilk sürdürülebilirlikle bağlantılı kredi (SLL) işlemi hayata geçirildi.
Gerçekleştirilen işlemler kapsamında sürdürülebilirlik performans kriterleri, hem finansman süreçlerine hem de faiz riskinden korunma mekanizmalarına entegre edildi. Bu sayede sürdürülebilirlik hedefleri finansman yapısı ve risk yönetimi süreçleriyle bütünleşirken, işlem sürdürülebilir finans uygulamalarının farklı alanlarda kullanımına yönelik önemli bir örnek oluşturdu. İşlem, Garanti BBVA Leasing’in gerçekleştirdiği ilk sürdürülebilirlikle bağlantılı kredi ve IRS işlemi olmasının yanı sıra Garanti BBVA’nın da bir iştirakiyle hayata geçirdiği ilk sürdürülebilirlikle bağlantılı kredi ve IRS işlemi olma özelliği taşıyor.
Garanti BBVA Genel Müdür Yardımcısı Sinem Edige,
“Bugün sürdürülebilirlik, finansal sistemin dönüşümünü şekillendiren temel bir unsur haline geldi. Garanti BBVA olarak biz de bu dönüşüme öncülük etmeyi stratejik önceliklerimiz arasında görüyoruz. Garanti BBVA Leasing ile gerçekleştirdiğimiz bu işlemler hem Garanti BBVA Leasing’in hem de Garanti BBVA’nın bir iştirakiyle gerçekleştirdiği ilk sürdürülebilirlikle bağlantılı kredi ve IRS işlemleri olma özelliği taşıyor. Müşterilerimizin sürdürülebilirlik hedeflerini finansal stratejileriyle entegre etmelerini destekleyen yenilikçi çözümler geliştirmeye devam ediyoruz. Bu yaklaşımın, sürdürülebilir finansman uygulamalarının yaygınlaşmasına ve reel ekonominin dönüşümüne katkı sağlayacağına inanıyoruz. Bu önemli işlemin hayata geçirilmesinde emeği geçen tüm ekip arkadaşlarımıza ve paydaşlarımıza teşekkür ediyorum. Önümüzdeki dönemde de sürdürülebilir finansman alanında öncü ve yenilikçi adımlar atmaya devam edeceğiz,” dedi.
Garanti BBVA, sürdürülebilir finansman alanındaki uzmanlığıyla müşterilerinin sürdürülebilirlik hedeflerini, finansal stratejileriyle uyumlu hale getirmelerine destek oluyor. Banka, yenilikçi finansman çözümleriyle sürdürülebilir finans uygulamalarının yaygınlaşmasına katkı sağlamayı sürdürüyor.",25c926204aac9f48397bdaad6bb2e98e168eb735f29027f7a51dd314a5a78332,https://www.garantibbva.com.tr/content/public-website/kurumsal-iletisim/garanti-bbva-leasing-surdurulebilirlik-cerceve-mutabakati,garanti bbva leasing sürdürülebilirlik çerçeve mutabakatı,25c926204aac9f48397bdaad6bb2e98e168eb735f29027f7a51dd314a5a78332,2026-06-15T12:23:40.671717+00:00,detail_page_fetch,Beklemede,Good,,2026-06-01,,,Duyuru Tarihi,2026-06-01,Duyuru/basın tarihi bulundu; recency için kullanıldı.,False,,False,,2026-06-01,Yüksek,announcement_date,True,2026-05-01,Kesim tarihi ve tarih güveni uygun: 2026-06-01,İş Birliği,True,"İş birliği, mutabakat veya entegrasyon duyurusu içeriyor."
RI-453a32b9cd67,DOC-REG-003-20260615122330,REG-003,Tier 1,garanti_bbva,Garanti BBVA,Garanti BBVA Kurumsal communication / press releases,Resmi Basın Bülteni Sayfası,https://www.garantibbva.com.tr/kurumsal-iletisim,Salt 15 Yıldır Kültür Mirasını Geleceğe Taşıyor,22 Mayıs 2026,https://www.garantibbva.com.tr/content/public-website/kurumsal-iletisim/salt-15-yildir-kultur-mirasini-gelecege-tasiyor,"Salt 15 Yıldır Kültür Mirasını Geleceğe Taşıyor
22 Mayıs 2026
Garanti BBVA tarafından 2011 yılında kurulan Salt, 15. yılını geride bırakırken Türkiye’nin kültür ve araştırma hafızasını güçlendirmeye devam ediyor. Kurum, bugüne kadar yaklaşık 5 milyon ziyaretçiyi ağırlarken, 2 milyonu aşkın belge ve kaynaktan oluşan arşiv koleksiyonlarını kamusal erişime açtı.
Temelleri Osmanlı Bankası Müzesi, Garanti Galeri ve Platform Garanti’nin birikimi üzerine atılan Salt, bugün disiplinler arasındaki sınırları kaldıran bir yapıya dönüşmüş durumda. Salt bu güçlü altyapısıyla; bilgi, kültür ve sanat üretiminin önemli referans merkezlerinden biri olarak konumlanıyor. Salt aynı zamanda, İstanbul İstiklal Caddesi üzerindeki Salt Beyoğlu, Bankalar Caddesi üzerindeki Salt Galata mekânları ve dijital platformları aracılığıyla, kullanıcılarına araştırma, karşılaşma ve ifade alanları sunuyor.
Salt’ın tüm mekânlarına girişin, programlarına katılımın ve arşivlerinin kullanımının herkes için ücretsiz olması, kurumun erişilebilirlik yaklaşımını güçlendirirken, toplumsal katkısını da pekiştiriyor. Sergilerden yayınlara ve web projelerine, film gösterimlerinden atölye çalışmalarına uzanan çok katmanlı program yapısıyla Salt, kültürel üretimini geniş kitlelerle buluşturmayı sürdürüyor.
Ebru Taşcı Firuzbay: “Kültür ve araştırmayı uzun vadeli bir toplumsal yatırım olarak görüyoruz”
Garanti BBVA Genel Müdür Yardımcısı ve Salt Yönetim Kurulu Üyesi Ebru Taşcı Firuzbay,
Salt’ın 15. yılına dair yaptığı değerlendirmede, “Yürüttüğümüz toplumsal yatırım programlarının gerçek bir ihtiyaca dokunmasını, uzun vadeli olmasını ve yüksek etki yaratmasını önemsiyoruz. Salt, bu yaklaşımımızın en güçlü örneklerinden biri. Farklı kültürel birikimlerin bir araya gelmesiyle şekillenen bu yapı, bugün araştırmayı ve paylaşımı odağına alan çok özel bir kurum haline geldi. Salt Galata ve Salt Beyoğlu’nda bugüne kadar yaklaşık 5 milyon ziyaretçiye ulaşılması ve Salt Araştırma bünyesindeki çalışmalarla bilginin geniş kitlelere açılması, bu alandaki yaklaşımımızın ne kadar güçlü bir karşılık bulduğunu gösteriyor. Garanti BBVA olarak ‘Birlikte Yaparız’ anlayışımızla bilgi, kültür ve sanat üretimini desteklemeye devam edeceğiz.” dedi.
Salt Genel Müdürü Deniz Ova
ise yaptığı açıklamada, “Çok disiplinli üretimiyle sanat, mimarlık, tasarım ile sosyal ve ekonomik tarih arasındaki kesişimleri odağına alan Salt, son 15 yılda geçmiş ile bugün arasında canlı bir diyalog kurarak, günümüz meselelerini yeniden düşünmeye ve bilgi üretimini dönüştürmeye katkıda bulundu. Araştırma ve sorgulamaya dayalı üretimlerini, mekânları ve dijital platformlarında ücretsiz ve eşit erişime açan kurum, açık fikirlilik, karşılıklı öğrenme ve kapsayıcılık çerçevesinde şekillenen yaklaşımını geleceğe taşırken; Türkiye ve yakın coğrafyasını da birlikte düşünen, tartışan ve üreten bir alan olarak eleştirel diyaloğu beslemeyi sürdürecek. Özellikle genç kullanıcı ve izleyicilerle kurduğu dinamik etkileşimle yeni düşünme ve üretim biçimlerini teşvik etmeyi önceliklendirmeye devam edecek. Bu yolculukta kurucumuz Garanti BBVA’nın Salt’a verdiği destek için müteşekkiriz” dedi.
Salt Araştırma Fonları ile 80’in Üzerinde Projeye Destek
Salt, 2013 yılından bu yana sanat, mimarlık ve tasarım alanlarında özgün araştırmaları Salt Araştırma Fonları programıyla destekliyor. Bugüne kadar 80’in üzerinde projeye katkı sağlayan program, 2025 yılında hayata geçirilen Garanti BBVA Ekonomi Tarihi Fonu ile kapsamını daha da genişletti. Bu fon aracılığıyla ekonomi tarihi alanında çalışan araştırmacıların, toplumsal dönüşümleri çok yönlü bakış açılarıyla ele alması ve elde edilen bulguların herkesin erişimine açık bir zemine taşınması hedefleniyor.",15c7b7f4495d1920ac1b218cf7bf2090cf609417dad38c067526be595271182c,https://www.garantibbva.com.tr/content/public-website/kurumsal-iletisim/salt-15-yildir-kultur-mirasini-gelecege-tasiyor,salt 15 yıldır kültür mirasını geleceğe taşıyor,15c7b7f4495d1920ac1b218cf7bf2090cf609417dad38c067526be595271182c,2026-06-15T12:23:42.462050+00:00,detail_page_fetch,Beklemede,Good,,2026-05-22,,,Duyuru Tarihi,2026-05-22,Duyuru/basın tarihi bulundu; recency için kullanıldı.,False,,False,,2026-05-22,Yüksek,announcement_date,True,2026-05-01,Kesim tarihi ve tarih güveni uygun: 2026-05-22,Ürün / Özellik Gelişmesi,True,"Ürün, API, POS, ödeme, tahsilat veya dijital özellik gelişmesi sinyali içeriyor."
RI-4ddd18aa0015,DOC-REG-003-20260615122330,REG-003,Tier 1,garanti_bbva,Garanti BBVA,Garanti BBVA Kurumsal communication / press releases,Resmi Basın Bülteni Sayfası,https://www.garantibbva.com.tr/kurumsal-iletisim,Global Finance Türkiye’nin En İyi Bankası Ödülü,20 Mayıs 2026,https://www.garantibbva.com.tr/content/public-website/kurumsal-iletisim/global-finance-turkiye-nin-en-iyi-bankasi-odulu-2026,"Global Finance Türkiye’nin En İyi Bankası Ödülü
20 Mayıs 2026
Garanti BBVA, Global Finance tarafından Türkiye’nin en iyi bankası seçildi
Garanti BBVA, uluslararası finans dünyasının saygın yayınlarından Global Finance tarafından düzenlenen “World’s Best Bank Awards 2026” kapsamında Türkiye’nin en iyi bankası seçildi. Banka; güçlü finansal performansı, sürdürülebilir büyüme yaklaşımı ve müşteri odaklı inovasyonlarıyla bu ödüle layık görüldü.
Bu yıl 33’üncüsü düzenlenen ödül programında, dünya genelinde 150’den fazla ülke ve bölgedeki bankalar; kârlılık, büyüme, stratejik vizyon, inovasyon kapasitesi ve müşteri ihtiyaçlarına yanıt verme becerisi gibi kriterlere göre değerlendiriliyor. Garanti BBVA, bu kapsamlı değerlendirme sonucunda Türkiye’nin en iyi bankası unvanını elde etti.
“Hem ülkemiz hem de müşterilerimiz için değer yaratmayı sürdürüyoruz.”
Garanti BBVA Genel Müdürü Mahmut Akten
, konuya ilişkin değerlendirmesinde şunları söyledi:
“Böylesine saygın bir programda Türkiye’nin en iyi bankası seçilmekten büyük gurur duyuyoruz. Bu ödül; güçlü finansal performansımızın, sürdürülebilir büyüme yaklaşımımızın ve müşterilerimize sunduğumuz yenilikçi deneyimin bir yansıması. Türk lirası kredilerdeki lider konumumuz, kredi kartları ve tüketici finansmanındaki öncü rolümüzle ekonomiye değer yaratmayı sürdürüyoruz.
30 milyonu aşan müşteri tabanımız ve 18 milyonu aşan aktif mobil müşterimizle, dijital bankacılığı büyüme stratejimizin merkezine alıyoruz. Perakende satışlarımızın %89’unu dijital kanallar üzerinden gerçekleştiriyor olmamız, bu dönüşümün en somut göstergelerinden biri.
Tüm bu dönüşümü, müşterilerimizin ihtiyaçlarını merkeze alan
Radikal Müşteri Perspektifimiz
doğrultusunda; empati, kişiselleştirme ve akıcı deneyim odağıyla şekillendiriyoruz. Yapay zekâ ve veri odaklı teknolojilerle müşteri deneyimini ve iş yapış şekillerimizi dönüştürmeye devam ediyoruz.
Sürdürülebilirliği büyümenin temel itici gücü olarak konumlarken, 2018-2029 dönemi için belirlediğimiz 3,5 trilyon TL sürdürülebilir finansman hedefimiz doğrultusunda ilerliyoruz. Kadın girişimcilere sağladığımız finansman desteğiyle kapsayıcı büyümeye katkı sunmayı sürdürüyoruz.
Bu başarıda emeği geçen tüm çalışma arkadaşlarımıza ve bize güvenen müşterilerimize teşekkür ediyorum. ‘Birlikte Yaparız’ diyerek çıktığımız bu yolda, ülkemiz ve müşterilerimiz için değer yaratmaya kararlılıkla devam edeceğiz.”",28d339a253acbc308a56fdf92b8e29d6c88cabf95eed0864d39397b2498a8ac6,https://www.garantibbva.com.tr/content/public-website/kurumsal-iletisim/global-finance-turkiye-nin-en-iyi-bankasi-odulu-2026,global finance türkiye’nin en i̇yi bankası ödülü,28d339a253acbc308a56fdf92b8e29d6c88cabf95eed0864d39397b2498a8ac6,2026-06-15T12:23:42.693978+00:00,detail_page_fetch,Beklemede,Good,,2026-05-20,,,Duyuru Tarihi,2026-05-20,Duyuru/basın tarihi bulundu; recency için kullanıldı.,False,,False,,2026-05-20,Yüksek,announcement_date,True,2026-05-01,Kesim tarihi ve tarih güveni uygun: 2026-05-20,Ürün / Özellik Gelişmesi,True,"Ürün, API, POS, ödeme, tahsilat veya dijital özellik gelişmesi sinyali içeriyor."
RI-f8fcc7126aad,DOC-REG-003-20260615122330,REG-003,Tier 1,garanti_bbva,Garanti BBVA,Garanti BBVA Kurumsal communication / press releases,Resmi Basın Bülteni Sayfası,https://www.garantibbva.com.tr/kurumsal-iletisim,Türkiye 2025 İklim Değişikliği ve Doğa Raporu,20 Mayıs 2026,https://www.garantibbva.com.tr/content/public-website/kurumsal-iletisim/dunyadaki-27-triple-a-seviyesindeki-sirketten-5i-turkiyeden,"Türkiye 2025 İklim Değişikliği ve Doğa Raporu
20 Mayıs 2026
Dünyadaki 27 Triple A Seviyesindeki Şirketten 5'i Türkiye'den
Türkiye çalışmalarını Sabancı Üniversitesi Kurumsal Yönetim Forumu’nun üstlendiği CDP, “Türkiye 2025 İklim Değişikliği ve Doğa Raporu”nun sonuçlarını ve lider şirketleri 15 Mayıs’ta gerçekleştirilen CDP Türkiye 16. İklim Değişikliği & Doğa Konferansı ve Ödül Töreni’nde kamuoyuyla paylaştı. Bu yıl konferans, “COP31’e Doğru: Raporlama İvmesini Küresel Rekabet Gücüne Dönüştürmek” temasıyla düzenlendi.
Rapora göre Türkiye, çevresel raporlama ve performans alanında küresel ölçekte güçlü bir konuma ulaştı. CDP’nin küresel derecelendirme metodolojisine göre Türkiye’den toplam 45 şirket en az bir Küresel A Listesi’nde yer aldı. Dünyada yalnızca 27 şirketin ulaşabildiği Triple A seviyesine ise Türkiye’den 5 şirket ulaştı.
Derecelendirme dağılımına bakıldığında, tüm temalarda “Yönetim” ve “Liderlik” seviyelerinde yer alan şirket oranı iklimde %82, ormansızlaşmada %70 ve su yönetimi temasında %87’ye ulaştı. Bu oranlar şirketlerin, Avrupa ve küresel ortalamaların üzerinde güçlü bir performans sergilediğini ve Türkiye’nin öne çıkan pazarlardan biri haline geldiğini gösteriyor.
Türkiye operasyonlarını Sabancı Üniversitesi Kurumsal Yönetim Forumu çatısı altında yürüten, dünyanın en büyük çevre raporlama platformu CDP, Türkiye’deki şirketlerin 2025 yılı iklim değişikliği ve doğa raporlaması kapsamındaki performansını CDP Türkiye 16. İklim Değişikliği ve Doğa Konferansı’nda paylaştı. Garanti BBVA’nın ana sponsorluğunda Türkiye faaliyetlerini gerçekleştiren CDP Türkiye, 2025 yılına ait analiz ve bulguları içeren “CDP Türkiye 2025 İklim Değişikliği ve Doğa Raporu”nun sonuçlarını ve CDP’nin Global Derecelendirme Metodolojisine göre belirlenen CDP Liderleri’ni, 15 Mayıs’ta gerçekleştirilen 16. Türkiye konferansında açıkladı.
Bu yıl, Türkiye’nin ev sahipliği yapacağı Birleşmiş Milletler İklim Değişikliği Çerçeve Sözleşmesi 31. Taraflar Konferansı (COP31) öncesi çevresel verinin kalitesi, karşılaştırılabilirliği ve karar alma süreçlerine entegrasyonu iş dünyasının dönüşümünde belirleyici bir rol oynuyor. Bu noktada CDP, yalnızca bir raporlama platformu olmanın ötesinde, şirketlerin uygulama kapasitesini görünür kılabilecek ve hesap verebilirliği güçlendirebilecek önemli bir araç olarak öne çıkıyor. “CDP Türkiye 2025 İklim Değişikliği ve Doğa Raporu”, Türkiye’deki şirketlerin çevresel raporlamayı rekabet gücüne dönüştürebilme kapasitesini ortaya koyuyor. Rapor, COP31 öncesinde şirketlerin raporlamadan uygulamaya geçişteki hazırlık seviyesini ortaya koyan güçlü bir çerçeve sunuyor.
Türkiye çevresel raporlamada güçlü bir konuma ulaştı
CDP aracılığıyla 2025 yılında 22.100’den fazla şirket, çevresel verilerini raporlarken bu sürece 1.000’den fazla şehir ve bölge de eklendi. 2025 yılında, neredeyse 900 şirket CDP’nin en yüksek derecelendirme seviyesi olan Küresel A Listesi’ne girdi. Türkiye’den ise toplam 45 şirket en az bir Küresel A Listesi’nde yer aldı. İklim, su ve ormansızlaşma kategorilerinin üçünde birden en yüksek liderlik seviyesi olan “Triple A” listesine giren dünyadaki 27 şirketten 5’i ise Türkiye’den. Diğer 17 şirket şirket ise iki ayrı kategoride liderlik sergileyerek “Double A” statüsü elde etti. Türkiye bu başarısıyla, CDP ekosisteminde çevresel raporlama ve performans alanında küresel ölçekteki en güçlü pazarlardan biri haline geldi.
Türkiye’nin liderlik performansı ortalamaların üzerinde
CDP Türkiye 2025 İklim Değişikliği ve Doğa Raporu’na göre, Türkiye’den raporlama yapan şirketler Avrupa ve küresel ortalamaların üzerinde performans göstererek “Yönetim” ve “Liderlik” seviyelerinde iklim değişikliğinde %82, su güvenliğinde %87 ve ormansızlaşma temasında %70’e ulaştı. Bu tablo, çevresel yönetimin artık yalnızca öncü şirketlere özgü bir alan olmadığını, giderek daha geniş bir şirket grubunun kurumsal sistemlerine entegre edildiğini gösteriyor.
Çevresel liderlik ile finansal performans arasındaki ilişki giderek güçleniyor
Bu yılki raporun bir kısmı, A ve A– notu alan lider şirketlerin çevresel risk ve fırsatları finansal açıdan nasıl yönettiğini, daha düşük derecelendirme notlarına sahip şirketlerle karşılaştırmalı olarak analiz ediyor. Bu fark özellikle fırsatlar tarafında daha net görülüyor. Lider şirketler, çevresel girişimler kapsamında yaptıkları her 1 dolarlık yatırımın yaklaşık 4 dolar finansal değer yaratma potansiyeli olduğunu raporlarken, daha düşük performans gösteren şirketlerde bu değer yaklaşık 0,07 dolar seviyesinde. Bu durum, fırsatların belirlenmesi ve finansal değere dönüştürülmesi konusunda ciddi bir verimlilik farkına işaret ediyor. Benzer bir ayrışma risk yönetiminde de görülüyor. Lider şirketlerde maliyet-risk oranına bakıldığında, maliyeti 1 dolar olan bir riski yönetmek için yaklaşık 0,43 dolar harcamanın yeterli olacağı görülüyor. Buna karşılık, daha düşük performans gösteren şirketlerde aynı riski yönetmek için yaklaşık 5,9 dolar harcamak gerektiği görülmekte. Bu durum, lider şirketlerin finansal açıdan önemli riskleri görece daha düşük maliyetle yönetebildiğini ve potansiyel olarak daha hedefli bir risk yönetimi yaklaşımına sahip olduğunu gösteriyor.
Raporlamaların derinlik ve uygulama düzeyi artırılmalı
Temel iklim raporlama göstergeleri açısından bakıldığında, Türkiye’deki şirketler yüksek ve tutarlı bir olgunluk düzeyi sergiliyor. Ancak taahhütlerin derinliği ve düşük karbonlu ekonomiye geçiş araçlarının uygulanma düzeyi incelendiğinde daha farklı bir tablo ortaya çıkıyor. Şirketlerin %70’i 1,5°C ile uyumlu bir iklim geçiş planı raporlarken, yalnızca %33’ü fosil yakıtlardan çıkışa yönelik açık bir taahhütte bulunuyor. Net-sıfır hedefleri yaygın olmakla birlikte (%62), bunların yalnızca %12’si Bilim Temelli Hedefler Girişimi (SBTi) tarafından doğrulanmış vaziyette. Bu durum, hedef koyma ile bilim temelli uyum arasında önemli bir fark olduğunu gösteriyor. Benzer şekilde, dahili karbon fiyatlandırması giderek yaygınlaşsa da uygulama kapsamı halen sınırlı; çoğu zaman tüm karar süreçlerini kapsayan zorunlu bir mekanizma olarak kullanılmıyor. Yenilenebilir enerji kullanımı önemli ölçüde artmış olsa da toplam enerji tüketimi içinde yenilenemeyen kaynaklar hala baskın durumda. Genel olarak bu tablo, iklim yönetimi için gerekli temel yapıların kurulduğunu; ancak bu yapıların karar alma süreçlerine tutarlı, kapsamlı ve bağlayıcı şekilde yansıtılması için daha fazla ilerlemeye ihtiyaç duyulduğunu gösteriyor.
İklim teması şirket yönetim sistemlerine entegre edilirken doğa ile ilgili konularda ilerleme sınırlı kaldı
Rapor genelinde ortaya çıkan en önemli yapısal bulgulardan biri, iklim değişikliği konusundaki olgunluk ile diğer doğa temelli konular arasındaki belirgin fark. İklim değişikliği için riskleri belirleme ve yönetmeye yönelik yaklaşımlar tüm şirketlerde (%100) yerleşmiş durumdayken, bu oran su yönetimi alanında %78’e, biyoçeşitlilikte %36’ya, plastiklerde %24’e ve ormansızlaşmada %11’e kadar düştü. Benzer bir ayrışma değer zinciri etkileşiminde de görüldü. Bu oran iklimde %98 iken, plastiklerde %18 ve ormansızlaşmada %10 seviyesinde kaldı. Bu tablo, iklim konularının şirket sistemlerine derinlemesine entegre edildiğini, buna karşılık doğa ile ilgili konuların halen sınırlı bir kapsamda ele alındığını gösterdi. Genel olarak doğa temelli raporlamalar farkındalık aşamasından daha yapılandırılmış bir yönetime doğru ilerliyor. İklim ve su alanlarında görülen olgunluk seviyesine ulaşabilmek için özellikle veri altyapısının güçlendirilmesi, hedef belirleme yaklaşımlarının geliştirilmesi ve doğa ile ilgili konuların stratejik karar alma süreçlerine daha fazla entegre edilmesi gerekiyor.
Türkiye’deki şirketlerin zorunlu raporlama çerçeveleriyle uyumu giderek artıyor
Türkiye’de CDP kapsamında yapılan raporlamalar, zorunlu sürdürülebilirlik çerçeveleriyle yüksek ve artan bir uyuma işaret ediyor. 2025 itibarıyla Türkiye Sürdürülebilirlik Raporlaması Standartları (TSRS) ile uyum %83’e, Avrupa Sürdürülebilirlik Raporlaması Standartları (ESRS) ile uyum ise %71’e ulaştı. Zorunlu raporlama çerçevelerine hazırlık açısından Türkiye iyi bir konumda, ancak şirketlerin önünde üç temel gelişim alanı bulunuyor: üretilen bilgiyi finansal sistemlerle ilişkilendirmek, karar alma süreçlerine dahil etmek ve geçiş planlarıyla bağlantılı hale getirmek. Bu aşamalar raporlamadan uygulamaya geçiş için kritik önem taşıyor.
CDP verileri COP31 öncesinde güçlü bir referans
Türkiye’nin ev sahipliği yapacağı COP31’e yaklaşırken, kurumsal çevresel raporlamaların önemi daha da artıyor. CDP verileri, şirketlerin uygulama kapasitesini değerlendirmek için güçlü ve güvenilir bir referans sunuyor. Enerji dönüşümü, su, doğa, döngüsel ekonomi, geçiş planlaması ve iklim finansmanı gibi CDP raporlamasında öne çıkan başlıklar, COP31 eylem gündeminin temel öncelikleriyle doğrudan örtüşüyor. Bulgular, Türkiye’den raporlama yapan şirketlerin yalnızca raporlama ölçeğini büyütmekle kalmayıp, bunu istikrarlı biçimde güçlü bir performansa dönüştürdüğünü ortaya koyuyor. Bu çerçevede CDP verileri, şirketlerin uygulamaya ne ölçüde hazır olduğunu değerlendirmek, ulusal ve küresel iklim hedefleriyle uyum düzeyini analiz etmek açısından somut ve pratik bir referans niteliği taşıyor.
Ana konuşmacılar ve Rapor Sunumu
“COP31’e Doğru: Raporlama İvmesini Küresel Rekabet Avantajına Dönüştürmek” temasıyla düzenlenen konferansın açılışında konuşan Garanti BBVA Genel Müdür Yardımcısı Cemal Onaran “Garanti BBVA’da sürdürülebilirlik, iş modelimizin ayrılmaz bir parçası. 2025 CDP değerlendirmesinde iklim değişikliği, su güvenliği ve ormansızlaşma alanlarının tamamında A notu alarak Triple A seviyesine ulaşmamız bu yaklaşımın bir sonucu. İklim, su ve doğa artık ekonomik dayanıklılığın belirleyicisi. Bu doğrultuda finansman gücümüzle dönüşümü desteklemeyi sürdürüyoruz.” dedi.
COP30 Yüksek Düzeyli İklim Şampiyonu Dan Ioschpe konferansa video mesajla katıldı. Ioschpe mesajında “25 yıl önce niş olan çevresel raporlama, bugün iş dünyası için küresel bir standart ve temel gereklilik haline gelmiş; veri, şeffaflık ve raporlama sürdürülebilir kalkınmayı ve etkili karar almayı mümkün kılmıştır. Bu yapı sayesinde, bugün CDP tarafından ödüllendirilen kuruluşlar yalnızca bir standardı karşılamıyor, aynı zamanda uygulamanın nasıl hayata geçtiğini gösteren öncüler olarak öne çıkıyor.” ifadelerini kullandı.
Deloitte Global Sürdürülebilir Finans Lideri Hans-Juergen Walter konuya küresel bir perspektiften bakarak “Şirketler yalnızca mevzuata uyumla sınırlı kalmamalı. Raporlamayı bir zorunluluk olarak değil, rekabet avantajı yaratmanın bir aracı olarak görmeliler. Nitelikli çevresel raporlama; sermayeyi cezbeden, pazardaki konumu güçlendiren ve hızla dönüşen küresel ortamda gerçekten dayanıklı, geleceğe hazır iş modelleri inşa etmeyi mümkün kılan stratejik bir kaldıraçtır.” dedi.
CDP Politika ve Büyüme Direktörü Pietro Bertazzi ise, “Yaklaşan COP31’in uygulama odağıyla birlikte, Türkiye’deki şirketlerin CDP aracılığıyla yaptığı raporlamalar, lider şirketlerin çevresel performans konusunda yüksek bir standart belirlerken aynı zamanda ticari kazanımlar da elde ettiğini gösteriyor. Hızla değişen küresel ekonomide geleceğe en güçlü şekilde hazırlanan şirketler; şeffaflığı somut aksiyona dönüştürebilen, çevresel verileri stratejik karar alma süreçlerine entegre eden ve dünyamız için olumlu büyümeyi yönlendiren şirketler olacak.” dedi.
CDP Türkiye 2025 İklim ve Doğa Raporu’nun sonuçlarını paylaşan CDP Türkiye Ülke Yöneticisi Mirhan Köroğlu Göğüş şu değerlendirmede bulundu: “Raporun sonuçlarına baktığımızda, Türkiye’de çevresel yönetim yapılarının güçlü bir kurumsal temele oturduğu açıkça görülmekte, fakat bu yapının tüm çevresel temalar ve şirketler genelinde henüz dengeli ve bütüncül bir şekilde yaygınlaşmadığı görülüyor. Önümüzdeki dönemde şirketlerin önceliği, mevcut raporlama altyapısını daha derin entegrasyon, daha geniş çevresel kapsama ve daha tutarlı uygulama çıktılarıyla güçlendirmek olmalı.”
2026 Triple A Liderler Paneli
Konferans kapsamında Sabancı Üniversitesi Kurumsal Yönetim Forumu Türkiye Direktörü Ozan Duygulu moderatörlüğünde “2026 Triple A Liderler Paneli” düzenlendi. Panele, Garanti BBVA Yönetim Kurulu Üyesi Mevhibe Canan Özsoy, Akbank CFO’su Türker Tunalı ve CarrefourSA CEO’su Kutay Kartallıoğlu katıldı.
Sürdürülebilir finansman ve sürdürülebilirliğin stratejik yönetimi konularının ele alındığı panelde Mevhibe Canan Özsoy, iklim krizinin yalnızca çevresel bir sorun değil; fiziksel, finansal ve itibara yönelik riskler barındıran küresel bir dönüşüm meselesi olduğunu belirtti. Türker Tunalı, düşük karbonlu ekonomiye geçişte finans sektörü, reel sektör ve teknoloji ekosisteminin birlikte hareket etmesinin kritik önem taşıdığını söyledi. Kutay Kartallıoğlu ise konuşmasında gıda perakendesinin iklim değişikliğinden kaynaklanan risklerden doğrudan etkilendiğine dikkat çekerek Türkiye’nin Akdeniz havzasındaki konumu nedeniyle gıda güvenliği ve tedarik zincirleri açısından önemli çevresel risklerle karşı karşıya olduğunu vurguladı.
CDP Türkiye 2026 Ödül Töreni
Programın sonunda gerçekleştirilen CDP Türkiye 2026 Ödül Töreni’nde CDP Global A listelerine girmeyi başaran 45 şirket ödüllerini aldı.
Ödül töreninde TÜSİAD Yönetim Kurulu Başkan Yardımcısı Dr. Fatih Kemal Ebiçlioğlu, ve Kamu Gözetimi Muhasebe ve Denetim Standartları Kurumu’ndan Başkan Yardımcısı Murat Yünlü birer konuşma gerçekleştirdi ve şirketlere ödüllerini takdim etti.
TÜSİAD Yönetim Kurulu Başkan Yardımcısı Dr. Fatih Kemal Ebiçlioğlu konuşmasında “Jeopolitik gelişmelerin yoğunlaştığı bu dönemde iklim krizinin bilimsel bir gerçek olduğunu göz ardı etmemek gerekiyor. Önümüzdeki COP31 sürecini Paris Anlaşması kapsamında gündeme getirilen başlıkların yeniden canlandırılması açısından kıymetli görüyoruz. Bu süreçte, iş dünyasının sürdürülebilirlik raporlamalarına güçlü biçimde eğilmesini ve odağına almasını kritik önemde görüyoruz. Bugün bu önemli gelişmelere tanıklık etmemizi sağlayan CDP Türkiye’ye ülkemizde sürdürülebilirlik raporlaması konusunda bilinçlendirme ve iş dünyasının dönüşümü alanında sağladığı katkılar için teşekkür ediyorum” dedi.
Kamu Gözetimi Muhasebe ve Denetim Standartları Kurumu’ndan Başkan Yardımcısı Murat Yünlü ise ""Sürdürülebilirlik raporlaması, finansal raporlama ile sürdürülebilirlik yönetimi disiplinlerinin entegrasyonu sonucunda ortaya çıkmıştır. Bu entegrasyonun temelinde, çevresel ve sosyal faktörlerin operasyonel riskler ve finansal fırsatlar üzerindeki belirleyici rolü yatmaktadır. Bu perspektifle hazırlanan raporlar, yatırımcıların sermaye tahsisi kararlarında kullandığı 'önemlilik' arz eden bilgilere odaklanmaktadır."" dedi.
Triple A ödülleri (5 şirket)
Double A ödülleri (17 şirket)
Global A ödülleri (23 şirket)
CDP Şehirler A Liderleri ödülleri
Konferans kapsamında ayrıca “CDP Cities A List”e girmeyi başaran iki belediyeye de ödülleri takdim edildi. Ödüllerini almak üzere törene, Ankara Büyükşehir Belediyesi Genel Sekreteri Serhat Taşkınsu ve İstanbul Büyükşehir Belediyesi Çevre Koruma ve Kontrol Daire Başkanı Prof. Dr. Ayşen Erdinçler katıldı.",0d002b60f0954a1cc08cb08c3cd9e0e290b2849c3133af9b00b73049c66b47a8,https://www.garantibbva.com.tr/content/public-website/kurumsal-iletisim/dunyadaki-27-triple-a-seviyesindeki-sirketten-5i-turkiyeden,türkiye 2025 i̇klim değişikliği ve doğa raporu,0d002b60f0954a1cc08cb08c3cd9e0e290b2849c3133af9b00b73049c66b47a8,2026-06-15T12:23:44.187163+00:00,detail_page_fetch,İlgisiz,Good,,2026-05-20,,,Duyuru Tarihi,2026-05-20,Duyuru/basın tarihi bulundu; recency için kullanıldı.,False,,False,,2026-05-20,Yüksek,announcement_date,True,2026-05-01,Kesim tarihi ve tarih güveni uygun: 2026-05-20,Kampanya,True,Kampanya veya müşteri teklifi sinyali içeriyor.
RI-be8ca89b525b,DOC-REG-003-20260615122330,REG-003,Tier 1,garanti_bbva,Garanti BBVA,Garanti BBVA Kurumsal communication / press releases,Resmi Basın Bülteni Sayfası,https://www.garantibbva.com.tr/kurumsal-iletisim,Global Finance Yatırım Bankaları Ödülleri,15 Mayıs 2026,https://www.garantibbva.com.tr/content/public-website/kurumsal-iletisim/global-finance-yatirim-bankalari-odulleri-2026,"Global Finance Yatırım Bankaları Ödülleri
15 Mayıs 2026
Garanti BBVA’ya Global Finance’in Dünyanın En İyi Yatırım Bankaları 2026 Ödülleri’nde 3 Ödül Birden
Garanti BBVA, Global Finance tarafından açıklanan Dünyanın En İyi Yatırım Bankaları Orta ve Doğu Avrupa 2026 Ödülleri kapsamında üç farklı kategoride ödül kazandı. Banka borçlanma araçları ve altyapı finansmanı alanındaki güçlü performansı, uluslararası yatırımcılarla kurduğu güçlü ilişki ve gerçekleştirdiği işlemlerle bölgedeki konumunu pekiştirdi.
Global Finance tarafından açıklanan “Dünyanın En İyi Yatırım Bankaları Orta ve Doğu Avrupa 2026 Ödülleri” (World’s Best Investment Banks 2026: Central & Eastern Europe) kapsamında Garanti BBVA, üç farklı kategoride ödüle layık görüldü. Yatırım bankalarının 2025 yılı performanslarının değerlendirildiği listede Garanti BBVA;
En İyi Borçlanma Araçları Bankası, Altyapı Finansmanı Alanında En İyi Banka
Türkiye’nin En İyi Yatırım Bankası
ödüllerinin sahibi oldu.
Konuya ilişkin değerlendirmede bulunan
Garanti BBVA Genel Müdür Yardımcısı Sinem Edige
, “Orta ve Doğu Avrupa bölgesinde üç farklı kategoride kazandığımız bu ödülleri, yatırım bankacılığı alanındaki uzmanlığımızın ve uluslararası yatırımcılarla kurduğumuz güçlü ilişkilerin bir yansıması olarak görüyoruz. Borçlanma araçları ve yapılandırılmış finansman alanındaki çözümlerimizle müşterilerimizin ihtiyaçlarına uygun, sürdürülebilir ve uzun vadeli değer yaratan finansman modelleri geliştiriyoruz. Türkiye’nin uluslararası piyasalardaki konumuna katkı sağlamayı ve yatırımcı güvenini desteklemeyi sürdüreceğiz,” dedi.
Yatırım alanında güçlü performans
Banka, 2025 yılı boyunca gerçekleştirdiği borçlanma araçları ihraçlarında uluslararası yatırımcılardan güçlü talep gördü. 500 milyon dolar tutarındaki Tier-2 ihraç yaklaşık 2 milyar dolar talep toplarken, yıl içinde gerçekleştirilen 700 milyon dolar tutarındaki ikinci ihraç da yaklaşık 1,8 milyar dolar talep gördü. Tier-2 ihraçları başta olmak üzere gerçekleştirilen işlemler, yüksek talep ve talep fazlasıyla öne çıktı.
Garanti BBVA ayrıca enerji, altyapı ve sanayi sektörlerinde toplam 20 işlemde yaklaşık 890 milyon dolar finansman sağlayarak çok sayıda büyük ölçekli işlemde aktif rol aldı.",9378d526dc4c212a2be2ceff7a336f42f31d44d4be83c2ba503617356c1dcf63,https://www.garantibbva.com.tr/content/public-website/kurumsal-iletisim/global-finance-yatirim-bankalari-odulleri-2026,global finance yatırım bankaları ödülleri,9378d526dc4c212a2be2ceff7a336f42f31d44d4be83c2ba503617356c1dcf63,2026-06-15T12:23:44.644797+00:00,detail_page_fetch,İlgisiz,Good,,2026-05-15,,,Duyuru Tarihi,2026-05-15,Duyuru/basın tarihi bulundu; recency için kullanıldı.,False,,False,,2026-05-15,Yüksek,announcement_date,True,2026-05-01,Kesim tarihi ve tarih güveni uygun: 2026-05-15,Ürün / Özellik Gelişmesi,True,"Ürün, API, POS, ödeme, tahsilat veya dijital özellik gelişmesi sinyali içeriyor."
