institution_name,source_id,candidate_title,candidate_url,normalized_item_date,date_source,date_confidence,content_role,development_candidate_type,saved_to_recent_items,rejected_reason
Şekerbank,REG-140,Şekerbank’ın “Yerinde Kredi” platformuna The Banker’dan ödül,https://www.sekerbank.com.tr/hakkimizda/basin-odasi/basin-bultenlerimiz/2026/sekerbankin-yerinde-kredi-platformuna-the-bankerdan-odul,2026-05-15,announcement_date,Yüksek,Yönetici Bilgilendirme,Yönetici Bilgilendirme,True,
Şekerbank,REG-140,Şekerbank'a yeni genel müdür yardımcısı,https://www.sekerbank.com.tr/hakkimizda/basin-odasi/basin-bultenlerimiz/2026/sekerbanka-yeni-genel-mudur-yardimcisi,2026-04-07,announcement_date,Yüksek,Bağımsız Gelişme,Basın Bülteni,False,Kesim tarihinden eski: 2026-04-07 < 2026-05-01
Şekerbank,REG-140,Şekerbank’ın dijital bankacılık uygulamalarına üç uluslararası ödül,https://www.sekerbank.com.tr/hakkimizda/basin-odasi/basin-bultenlerimiz/2026/sekerbankin-dijital-bankacilik-uygulamalarina-uc-uluslararasi-odul,2026-04-02,announcement_date,Yüksek,Yönetici Bilgilendirme,Yönetici Bilgilendirme,False,Kesim tarihinden eski: 2026-04-02 < 2026-05-01
Şekerbank,REG-140,Şekerbank’a kalkınma odaklı Avrupa Fonu EFSE’den 50 milyon euroluk yeni kaynak,https://www.sekerbank.com.tr/hakkimizda/basin-odasi/basin-bultenlerimiz/2026/sekerbanka-kalkinma-odakli-avrupa-fonu-efseden--50-milyon-euroluk-yeni-kaynak,2026-03-30,announcement_date,Yüksek,Bağımsız Gelişme,İş Birliği,False,Kesim tarihinden eski: 2026-03-30 < 2026-05-01
Şekerbank,REG-140,"Visa’nın kadın girişimcilere yönelik küresel destek programı She is Next, Şekerbank ve GİRVAK iş birliğiyle Anadolu’ya ulaşıyor…",https://www.sekerbank.com.tr/hakkimizda/basin-odasi/basin-bultenlerimiz/2026/visanin-kadin-girisimcilere-yonelik-kuresel-destek-programi-she-is-next-sekerbank-ve-girvak-is-birligiyle-anadoluya-ulasiyor,2026-02-24,announcement_date,Yüksek,Yönetici Bilgilendirme,Yönetici Bilgilendirme,False,Kesim tarihinden eski: 2026-02-24 < 2026-05-01
Şekerbank,REG-140,Şekerbank’ın yeni platformu “Yerinde Kredi” ile çiftçilere anında finansman desteği,https://www.sekerbank.com.tr/hakkimizda/basin-odasi/basin-bultenlerimiz/2026/sekerbankin-yeni-platformu-yerinde-kredi-ile-ciftcilere-aninda-finansman-destegi,2026-02-12,announcement_date,Yüksek,Bağımsız Gelişme,İş Birliği,False,Kesim tarihinden eski: 2026-02-12 < 2026-05-01
Şekerbank,REG-140,"Şekerbank, CDP’de üç kategoride “A” skoruyla küresel sürdürülebilirlik liderleri arasında",https://www.sekerbank.com.tr/hakkimizda/basin-odasi/basin-bultenlerimiz/2025/sekerbank-cdpde-uc-kategoride-a-skoruyla--kuresel-surdurulebilirlik-liderleri-arasinda,2025-12-26,announcement_date,Yüksek,Bağımsız Gelişme,Kampanya,False,Kesim tarihinden eski: 2025-12-26 < 2026-05-01
Şekerbank,REG-140,Şekerbank ve EBRD’den kadın KOBİ’lere ve genç girişimcilere finansman desteği,https://www.sekerbank.com.tr/hakkimizda/basin-odasi/basin-bultenlerimiz/2025/sekerbank-ve-ebrdden-kadin-kobilere-ve-genc-girisimcilere-finansman-destegi,2025-12-16,announcement_date,Yüksek,Bağımsız Gelişme,İş Birliği,False,Kesim tarihinden eski: 2025-12-16 < 2026-05-01
Fibabanka,REG-148,"Efsane KOBİ Kredisi – 1.500.000 TL’ye kadar %2,99’dan Başlayan Faiz Oranlarıyla",https://www.fibabanka.com.tr/kampanyalar/guncel-ozel-kampanyalar/efsane-kredi/efsane-kobi-kredi-kampanyasi,2026-06-30,campaign_end_date,Yüksek,Bağımsız Gelişme,Kampanya,False,Sadece kampanya bitiş tarihi bulundu; yeni gelişme kanıtı değil
Anadolubank,REG-153,Anadolubank ve İGE A.Ş. iş birliği ile ihracata destek,https://www.anadolubank.com.tr/hakkimizda/kurumsal-iletisim/basin-bultenleri-ve-roportajlar/2023/anadolubank-ve-ige-as-i-birligi-ile-ihracata-destek,,missing,Yok,Bağımsız Gelişme,Kampanya,False,Tarih yok; varsayılan kapıdan geçmedi
Anadolubank,REG-153,Anadolubank POS artık cebinde! | Anadolubank,https://www.anadolubank.com.tr/hakkimizda/kurumsal-iletisim/basin-bultenleri-ve-roportajlar/2022/anadolubank-pos-artik-cebinde,,missing,Yok,Bağımsız Gelişme,Kampanya,False,Tarih yok; varsayılan kapıdan geçmedi
Anadolubank,REG-153,Dış Ticarete Navlun Kredisi Desteği | Anadolubank,https://www.anadolubank.com.tr/hakkimizda/kurumsal-iletisim/basin-bultenleri-ve-roportajlar/2021/anadolubanktan-dis-ticarete-navlun-kredisi-destegi,,missing,Yok,Bağımsız Gelişme,Kampanya,False,Tarih yok; varsayılan kapıdan geçmedi
Anadolubank,REG-153,Dış Ticaretteki Payını Büyütmeye Devam Ediyor | Anadolubank,https://www.anadolubank.com.tr/hakkimizda/kurumsal-iletisim/basin-bultenleri-ve-roportajlar/2021/anadolubank-dis-ticaretteki-payini-buyutmeye-devam-ediyor,,missing,Yok,Bağımsız Gelişme,Kampanya,False,Tarih yok; varsayılan kapıdan geçmedi
Anadolubank,REG-153,Yeni Nakit Yönetimi Ürünü Müşterilerine Sundu | Anadolubank,https://www.anadolubank.com.tr/hakkimizda/kurumsal-iletisim/basin-bultenleri-ve-roportajlar/2021/anadolubank-yeni-nakit-yoenetimi-ueruenue-tedarikci-finansmann-mueterilerine-sundu,,missing,Yok,Bağımsız Gelişme,Kampanya,False,Tarih yok; varsayılan kapıdan geçmedi
Anadolubank,REG-153,Genel Müdür Yardımcılığı Görevine Ahmet Yiğit Atandı,https://www.anadolubank.com.tr/hakkimizda/kurumsal-iletisim/basin-bultenleri-ve-roportajlar/2020/genel-mudur-yardimciligi-gorevine-ahmet-yigit-atandi,,missing,Yok,Bağımsız Gelişme,Kampanya,False,Tarih yok; varsayılan kapıdan geçmedi
Odeabank,REG-096,Odeabank’ın ticari bankacılık projesine Qorus’tan 1’incilik ödülü | Basın Bültenleri | Hakkımızda | Odeabank,https://www.odeabank.com.tr/hakkimizda/basin-bultenleri/odeabankin-ticari-bankacilik-projesine-qorustan-1incilik-odulu,,missing,Yok,Yönetici Bilgilendirme,Yönetici Bilgilendirme,False,Tarih yok; varsayılan kapıdan geçmedi
Odeabank,REG-096,Sürdürülebilir Kalkınma için Odeabank ve İGE İşbirliği | Odeabank,https://www.odeabank.com.tr/hakkimizda/basin-bultenleri/surdurulebilir-kalkinma-icin-odeabank-ige-isbirligi,,missing,Yok,Bağımsız Gelişme,İş Birliği,False,Tarih yok; varsayılan kapıdan geçmedi
Odeabank,REG-096,"Odeabank, İzmir Firmaları ile Dış Ticareti Konuştu | Odeabank",https://www.odeabank.com.tr/hakkimizda/basin-bultenleri/odeabank-izmir-firmalari-ile-dis-ticareti-konustu,,missing,Yok,Bağımsız Gelişme,İş Birliği,False,Tarih yok; varsayılan kapıdan geçmedi
Odeabank,REG-096,"Odeabank, Mersinli İş İnsanları İle Dış Ticareti Konuştu | Odeabank",https://www.odeabank.com.tr/hakkimizda/basin-bultenleri/odeabank-mersinli-is-insanlari-ile-dis-ticareti-konustu,,missing,Yok,Bağımsız Gelişme,Kampanya,False,Tarih yok; varsayılan kapıdan geçmedi
Odeabank,REG-096,"Odeabank, Konyalı İş İnsanları İle Bir Araya Geldi | Odeabank",https://www.odeabank.com.tr/hakkimizda/basin-bultenleri/konya-dis-ticaret-bulusmasi-21-mayis-2021,,missing,Yok,Bağımsız Gelişme,Ürün / Özellik Gelişmesi,False,Tarih yok; varsayılan kapıdan geçmedi
Odeabank,REG-096,"Odeabank, Gaziantep’li İş İnsanlarıyla Bir Araya Geldi | Odeabank",https://www.odeabank.com.tr/hakkimizda/basin-bultenleri/gaziantep-dis-ticaret-bulusmasi,,missing,Yok,Bağımsız Gelişme,İş Birliği,False,Tarih yok; varsayılan kapıdan geçmedi
Odeabank,REG-096,"Odeabank, İskenderunlu İhracatçılarla Dış Ticareti Konuştu | Odeabank",https://www.odeabank.com.tr/hakkimizda/basin-bultenleri/basin-bultenleriiskenderun-dis-ticaret-bulusmasi,,missing,Yok,Bağımsız Gelişme,Ürün / Özellik Gelişmesi,False,Tarih yok; varsayılan kapıdan geçmedi
Odeabank,REG-096,Odeabank'tan Dış Ticaret ve Nakit Yönetimi Uzman Hattı | Odeabank,https://www.odeabank.com.tr/hakkimizda/basin-bultenleri/basin-bultenleridis-ticaret-ve-nakit-yonetimi-uzman-hatti,,missing,Yok,Bağımsız Gelişme,Ürün / Özellik Gelişmesi,False,Tarih yok; varsayılan kapıdan geçmedi
Odeabank,REG-096,"Odeabank, Mersinli İş İnsanları ile Konuştu | Odeabank",https://www.odeabank.com.tr/hakkimizda/basin-bultenleri/mersin-dis-ticaret-bulusmasi,,missing,Yok,Bağımsız Gelişme,Ürün / Özellik Gelişmesi,False,Tarih yok; varsayılan kapıdan geçmedi
Odeabank,REG-096,Odeabank 2020’de TL Ticari Kredilerde Yüzde 50 Büyüdü | Odeabank,https://www.odeabank.com.tr/hakkimizda/basin-bultenleri/odeabank-ticari-kredilerde-yuzde-50-buyudu,,missing,Yok,Yönetici Bilgilendirme,Yönetici Bilgilendirme,False,Tarih yok; varsayılan kapıdan geçmedi
Odeabank,REG-096,"Odeabank, İzmir İş İnsanları İle Dış Ticareti Konuştu| Odeabank",https://www.odeabank.com.tr/hakkimizda/basin-bultenleri/izmir-dis-ticaret-bulusmasi,,missing,Yok,Bağımsız Gelişme,Ürün / Özellik Gelişmesi,False,Tarih yok; varsayılan kapıdan geçmedi
Odeabank,REG-096,"Pandemide İhracatçılara 11,7 Milyar TL’lik Kaynak | Odeabank",https://www.odeabank.com.tr/hakkimizda/basin-bultenleri/dis-ticaret-bulusmasi-degerlendirme,2020-12-31,announcement_date,Yüksek,Bağımsız Gelişme,Ürün / Özellik Gelişmesi,False,Kesim tarihinden eski: 2020-12-31 < 2026-05-01
Odeabank,REG-096,"Odeabank, Konyalı İş İnsanları İle Dış Ticareti Konuştu | Odeabank",https://www.odeabank.com.tr/hakkimizda/basin-bultenleri/konya-dis-ticaret-bulusmasi,,missing,Yok,Bağımsız Gelişme,Ürün / Özellik Gelişmesi,False,Tarih yok; varsayılan kapıdan geçmedi
Odeabank,REG-096,Denizli İş İnsanları Dış Ticaret Buluşması | Odeabank,https://www.odeabank.com.tr/hakkimizda/basin-bultenleri/denizli-dis-ticaret-bulusmasi,,missing,Yok,Bağımsız Gelişme,Ürün / Özellik Gelişmesi,False,Tarih yok; varsayılan kapıdan geçmedi
Odeabank,REG-096,"Odeabank, Bursalı İhracatçılarla Dış Ticareti Konuştu | Odeabank",https://www.odeabank.com.tr/hakkimizda/basin-bultenleri/basin-bultenleri-bursa-dis-ticaret-bulusmasi,,missing,Yok,Bağımsız Gelişme,Ürün / Özellik Gelişmesi,False,Tarih yok; varsayılan kapıdan geçmedi
Odeabank,REG-096,Odeabank 500’ü aşkın ihracatçıyla bir araya geldi | Odeabank,https://www.odeabank.com.tr/hakkimizda/basin-bultenleri/odeabank-pandemi-surecinde-besyuzu-askin-ihracatciyla-bir-araya-geldi,,missing,Yok,Bağımsız Gelişme,Kampanya,False,Tarih yok; varsayılan kapıdan geçmedi
Odeabank,REG-096,"Odeabank, Kayserili İş İnsanları ile Dış Ticareti Konuştu | Odeabank",https://www.odeabank.com.tr/hakkimizda/basin-bultenleri/odeabank-kayserili-is-insanlari-ile-dis-ticareti-konustu,,missing,Yok,Bağımsız Gelişme,Kampanya,False,Tarih yok; varsayılan kapıdan geçmedi
Odeabank,REG-096,"Odeabank, Osmaniye ve Hataylı İhracatçılarla Buluştu | Odeabank",https://www.odeabank.com.tr/hakkimizda/basin-bultenleri/odeabank-osmaniye-ve-hatayli-ihracatcilarla-bulustu,,missing,Yok,Bağımsız Gelişme,Kampanya,False,Tarih yok; varsayılan kapıdan geçmedi
Odeabank,REG-096,Odeabank: Zor Dönemde İhracatçılarımızın Yanındayız | Odeabank,https://www.odeabank.com.tr/hakkimizda/basin-bultenleri/zor-donemde-ihracatcilarimizin-yanindayiz,,missing,Yok,Bağımsız Gelişme,Kampanya,False,Tarih yok; varsayılan kapıdan geçmedi
Odeabank,REG-096,"Odeabank, Gaziantepli İhracatçılarla Buluştu | Odeabank",https://www.odeabank.com.tr/hakkimizda/basin-bultenleri/odeabank-gaziantepli-ihracatcilarla-video-konferansta-bulustu,,missing,Yok,Yönetici Bilgilendirme,Yönetici Bilgilendirme,False,Tarih yok; varsayılan kapıdan geçmedi
Odeabank,REG-096,"Odeabank, İhracatçılara Kılavuzluk Yapıyor | Odeabank",https://www.odeabank.com.tr/hakkimizda/basin-bultenleri/odeabank-ihracatcilara-kilavuzluk-yapmaya-devam-ediyor,,missing,Yok,Bağımsız Gelişme,Kampanya,False,Tarih yok; varsayılan kapıdan geçmedi
Odeabank,REG-096,Dış Ticarete Uzun Vadeli Finansman Desteği | Odeabank,https://www.odeabank.com.tr/hakkimizda/basin-bultenleri/odeabanktan-dis-ticarete-uzun-vadeli-finansman-destegi,,missing,Yok,Bağımsız Gelişme,İş Birliği,False,Tarih yok; varsayılan kapıdan geçmedi
Odeabank,REG-096,Yapılandırılmış Vergi Borç Tahsilatları Duyurusu| Odeabank,https://www.odeabank.com.tr/hakkimizda/basin-bultenleri/yapilandirilmis-vergi-borc-tahsilatlari,2016-11-30,announcement_date,Yüksek,Bağımsız Gelişme,Ürün / Özellik Gelişmesi,False,Kesim tarihinden eski: 2016-11-30 < 2026-05-01
Odeabank,REG-096,Odeabank KOBİ’ler için AYB ile €100 Milyon Tutarında Kredi Anlaşması İmzaladı,https://www.odeabank.com.tr/hakkimizda/basin-bultenleri/odeabank-kobiler-icin-ayb-ile-100-milyon-tuarinda-kredi-anlasmasi-imzaladi,,missing,Yok,Bağımsız Gelişme,İş Birliği,False,Tarih yok; varsayılan kapıdan geçmedi
Odeabank,REG-096,Mikro İşletmelere ve Yenilenebilir Enerjiye Destek | Odeabank,https://www.odeabank.com.tr/hakkimizda/basin-bultenleri/mikro-isletmelere-ve-yenilebilir-enerjiye-destek,,missing,Yok,Bağımsız Gelişme,İş Birliği,False,Tarih yok; varsayılan kapıdan geçmedi
