institution_name,source_id,source_name,item_title,item_url,publication_date,event_date,effective_date,recency_basis_date,recency_basis_type,date_confidence,customer_segment,local_commercial_evidence,content_role,proposed_destination,accepted,rejection_reason,duplicate_status,notes
T-Bank,REG-C2-TBANK-HABERLER,T-Bank Haberler,T-Bank,https://www.tbank.com.tr/haberler/detay/Korona-Virus-Salginina-Karsi-Bankamizca-Alinan-Onlemler/22/327/0,2015-03-31,,,2015-03-31,publication_date,Düşük,Orta Ölçekli Ticari,şube,Kapsam Dışı,archive_or_context,False,legal announcement,not_checked,legal/security/current feed sample
T-Bank,REG-C2-TBANK-HABERLER,T-Bank Haberler,T-Bank,https://www.tbank.com.tr/haberler/detay/Finansal-ve-Vergi-Konularinda-Otomatik-Bilgi-Degisimi-Anlasmasi-CRS-Raporlamasi-Hakkinda-Bilgilendirme/22/337/0,,,2015-03-31,2015-03-31,campaign_start_date,Düşük,Orta Ölçekli Ticari,Şube,Kapsam Dışı,archive_or_context,False,legal announcement,not_checked,legal/security/current feed sample
T-Bank,REG-C2-TBANK-HABERLER,T-Bank Haberler,T-Bank,https://www.tbank.com.tr/haberler/detay/Kur-Korumali-Turk-Lirasi-Vadeli-Mevduat-T-Bankta/22/566/0,2021-12-20,,,2021-12-20,publication_date,Yüksek,Orta Ölçekli Ticari,şube,Bağımsız Gelişme,archive_or_context,False,Kesim tarihinden eski: 2021-12-20 < 2026-05-01,not_checked,legal/security/current feed sample
T-Bank,REG-C2-TBANK-HABERLER,T-Bank Haberler,T-Bank,https://www.tbank.com.tr/haberler/detay/Dolandiricilik-Eylemleri-ve-Korunma-Yontemleri-Hakkinda-Bilgilendirme/22/567/0,2022-01-05,,,2022-01-05,listing_or_asset_date,Orta,Orta Ölçekli Ticari,apı,Kapsam Dışı,archive_or_context,False,legal announcement,not_checked,legal/security/current feed sample
T-Bank,REG-C2-TBANK-HABERLER,T-Bank Haberler,T-Bank,https://www.tbank.com.tr/haberler/detay/Yurt-Disinda-Yerlesik-Vatandaslar-Mevduat-Hesabi-YUVAM/22/569/0,2009-05-29,,,2009-05-29,publication_date,Yüksek,Orta Ölçekli Ticari,şube,Bağımsız Gelişme,archive_or_context,False,Kesim tarihinden eski: 2009-05-29 < 2026-05-01,not_checked,legal/security/current feed sample
T-Bank,REG-C2-TBANK-HABERLER,T-Bank Haberler,T-Bank,https://www.tbank.com.tr/haberler/detay/Donusum-Hesaplarina-Vade-Sonunda-Yenileme-Imkani-Getirilmistir/22/573/0,,,2015-03-31,2015-03-31,campaign_start_date,Yüksek,Orta Ölçekli Ticari,Şube,Kapsam Dışı,archive_or_context,False,legal announcement,not_checked,legal/security/current feed sample
T-Bank,REG-C2-TBANK-HABERLER,T-Bank Haberler,T-Bank,https://www.tbank.com.tr/haberler/detay/YUVAM-Hesaplarinda-Ilave-Getiri-Oranlari-Guncellendi-/22/575/0,,,2015-03-31,2015-03-31,campaign_start_date,Yüksek,Orta Ölçekli Ticari,Şube,Kapsam Dışı,archive_or_context,False,legal announcement,not_checked,legal/security/current feed sample
T-Bank,REG-C2-TBANK-HABERLER,T-Bank Haberler,T-Bank,https://www.tbank.com.tr/haberler/detay/Gaziantep-ve-Adana-Subelerimizdeki-Bankacilik-Hizmetlerimiz-Hakkinda/22/577/0,,,2015-03-31,2015-03-31,campaign_start_date,Yüksek,Orta Ölçekli Ticari,Şube,Kapsam Dışı,archive_or_context,False,legal announcement,not_checked,legal/security/current feed sample
T-Bank,REG-C2-TBANK-HABERLER,T-Bank Haberler,T-Bank,https://www.tbank.com.tr/haberler/detay/Tuzel-Musterilerimizin-Doviz-Pozisyon-Raporlamasi-Hakkinda-Bilgilendirme/22/580/0,,,2025-05-03,2025-05-03,campaign_start_date,Yüksek,Orta Ölçekli Ticari,apı,Kapsam Dışı,archive_or_context,False,legal announcement,not_checked,legal/security/current feed sample
T-Bank,REG-C2-TBANK-HABERLER,T-Bank Haberler,T-Bank,https://www.tbank.com.tr/haberler/detay/Dolandiricilik-Faaliyetlerine-Karsi-Onemli-Bilgilendirme/22/587/0,,,2015-03-31,2015-03-31,campaign_start_date,Yüksek,Orta Ölçekli Ticari,şube,Kapsam Dışı,archive_or_context,False,legal announcement,not_checked,legal/security/current feed sample
T-Bank,REG-C2-TBANK-DUYURULAR,T-Bank Duyurular,Hakkında,https://www.tbank.com.tr/hakkimizda/duyuru-detay/26-03-2026-OIagan-Genel-Kurul-Duyurusu/20/591/0,2026-03-26,,,2026-03-26,publication_date,Yüksek,Orta Ölçekli Ticari,NAKİT KREDİ,Kapsam Dışı,archive_or_context,False,legal announcement,not_checked,legal announcement sample
T-Bank,REG-C2-TBANK-DUYURULAR,T-Bank Duyurular,Hakkında,https://www.tbank.com.tr/hakkimizda/duyuru-detay/27-Mart-2025-Olagan-Genel-Kurul-Duyurusu/20/586/0,2025-03-27,,,2025-03-27,publication_date,Yüksek,Orta Ölçekli Ticari,NAKİT KREDİ,Kapsam Dışı,archive_or_context,False,legal announcement,not_checked,legal announcement sample
T-Bank,REG-C2-TBANK-DUYURULAR,T-Bank Duyurular,Hakkında,https://www.tbank.com.tr/hakkimizda/duyuru-detay/29-03-2024-Olagan-Genel-Kurul-Duyurusu/20/582/0,2024-03-29,,,2024-03-29,publication_date,Yüksek,Orta Ölçekli Ticari,NAKİT KREDİ,Kapsam Dışı,archive_or_context,False,legal announcement,not_checked,legal announcement sample
T-Bank,REG-C2-TBANK-DUYURULAR,T-Bank Duyurular,Hakkında,https://www.tbank.com.tr/hakkimizda/duyuru-detay/31-Mart-2023-Olagan-Genel-Kurul-Duyurusu/20/579/0,2023-03-31,,,2023-03-31,publication_date,Yüksek,Orta Ölçekli Ticari,NAKİT KREDİ,Kapsam Dışı,archive_or_context,False,legal announcement,not_checked,legal announcement sample
T-Bank,REG-C2-TBANK-DUYURULAR,T-Bank Duyurular,Hakkında,https://www.tbank.com.tr/hakkimizda/duyuru-detay/31-Mart-2022-Olagan-Genel-Kurul-Duyurusu/20/571/0,2022-03-31,,,2022-03-31,publication_date,Yüksek,Orta Ölçekli Ticari,NAKİT KREDİ,Kapsam Dışı,archive_or_context,False,legal announcement,not_checked,legal announcement sample
T-Bank,REG-C2-TBANK-DUYURULAR,T-Bank Duyurular,Hakkında,https://www.tbank.com.tr/hakkimizda/duyuru-detay/Tahsili-Gecikmis-Alacak-Portfoyu-Satisi-Hakkinda-Bilgilendirme/20/563/0,2021-08-31,,,2021-08-31,publication_date,Yüksek,Orta Ölçekli Ticari,apı,Kapsam Dışı,archive_or_context,False,legal announcement,not_checked,legal announcement sample
T-Bank,REG-C2-TBANK-DUYURULAR,T-Bank Duyurular,Hakkında,https://www.tbank.com.tr/hakkimizda/duyuru-detay/31-03-2021-Tarihli-Olagan-Genel-Kurul-Duyurusu/20/335/0,2021-03-31,,,2021-03-31,publication_date,Yüksek,Orta Ölçekli Ticari,NAKİT KREDİ,Kapsam Dışı,archive_or_context,False,legal announcement,not_checked,legal announcement sample
T-Bank,REG-C2-TBANK-DUYURULAR,T-Bank Duyurular,Hakkında,https://www.tbank.com.tr/hakkimizda/duyuru-detay/Merkez-Bankasina-Bildirilen-Kredi-Azami-Faiz-Oranlari/20/228/0,,,,,missing,Yok,Orta Ölçekli Ticari,NAKİT KREDİ,Kapsam Dışı,archive_or_context,False,legal announcement,not_checked,legal announcement sample
T-Bank,REG-C2-TBANK-DUYURULAR,T-Bank Duyurular,Hakkında,https://www.tbank.com.tr/hakkimizda/duyuru-detay/31-03-2020-OIagan-Genel-Kurul-Duyurusu/20/326/0,2020-03-31,,,2020-03-31,publication_date,Yüksek,Orta Ölçekli Ticari,NAKİT KREDİ,Kapsam Dışı,archive_or_context,False,legal announcement,not_checked,legal announcement sample
T-Bank,REG-C2-TBANK-DUYURULAR,T-Bank Duyurular,Hakkında,https://www.tbank.com.tr/hakkimizda/duyuru-detay/17-Subat-2020-Olaganustu-Genel-Kurul-Duyurusu/20/324/0,2020-02-17,,,2020-02-17,publication_date,Yüksek,Orta Ölçekli Ticari,NAKİT KREDİ,Kapsam Dışı,archive_or_context,False,legal announcement,not_checked,legal announcement sample
TurkishBank,REG-C2-TURKISHBANK-HABERLER,TurkishBank Bizden Haberler,31 Mart 2026 Konsolide Olmayan Finansal Tablolar ve Sınırlı Denetim Raporu,https://www.turkishbank.com/hakkimizda/bizden-haberler/raporlar/31-mart-2026-konsolide-olmayan-finansal-tablolar-ve-sinirli-denetim-raporu/,2026-03-31,,,2026-03-31,publication_date,Yüksek,Orta Ölçekli Ticari,,Yönetici Bilgilendirme,archive_or_context,False,Kesim tarihinden eski: 2026-03-31 < 2026-05-01,not_checked,mixed feed sample
TurkishBank,REG-C2-TURKISHBANK-HABERLER,TurkishBank Bizden Haberler,31 Mart 2026 Konsolide Finansal Tablolar ve Sınırlı Denetim Raporu,https://www.turkishbank.com/hakkimizda/bizden-haberler/raporlar/31-mart-2026-konsolide-finansal-tablolar-ve-sinirli-denetim-raporu/,2026-03-31,,,2026-03-31,publication_date,Yüksek,Orta Ölçekli Ticari,,Yönetici Bilgilendirme,archive_or_context,False,Kesim tarihinden eski: 2026-03-31 < 2026-05-01,not_checked,mixed feed sample
TurkishBank,REG-C2-TURKISHBANK-HABERLER,TurkishBank Bizden Haberler,AÇIK YATIRIM Ekonomi Sohbetleri & Attila Köksal Etkinliği,https://www.turkishbank.com/hakkimizda/bizden-haberler/acik-yatirim-ekonomi-sohbetleri-attila-koksal-etkinligi/,2026-04-21,,,2026-04-21,publication_date,Yüksek,Orta Ölçekli Ticari,,Kapsam Dışı,archive_or_context,False,event/cultural/investment noise,not_checked,mixed feed sample
TurkishBank,REG-C2-TURKISHBANK-HABERLER,TurkishBank Bizden Haberler,2025 Faaliyet Raporu,https://www.turkishbank.com/hakkimizda/bizden-haberler/raporlar/2025-faaliyet-raporu/,2025-01-01,,,2025-01-01,listing_or_asset_date,Orta,Orta Ölçekli Ticari,,Bağlamsal Veri,archive_or_context,False,Kesim tarihinden eski: 2025-01-01 < 2026-05-01,not_checked,mixed feed sample
TurkishBank,REG-C2-TURKISHBANK-HABERLER,TurkishBank Bizden Haberler,31 Aralık 2025 Konsolide Olmayan Finansal Tablolar ve Bağımsız Denetim Raporu,https://www.turkishbank.com/hakkimizda/bizden-haberler/raporlar/31-aralik-2025-konsolide-olmayan-finansal-tablolar-ve-bagimsiz-denetim-raporu/,2025-12-31,,,2025-12-31,publication_date,Yüksek,Orta Ölçekli Ticari,,Yönetici Bilgilendirme,archive_or_context,False,Kesim tarihinden eski: 2025-12-31 < 2026-05-01,not_checked,mixed feed sample
TurkishBank,REG-C2-TURKISHBANK-HABERLER,TurkishBank Bizden Haberler,31 Aralık 2025 Konsolide Finansal Tablolar ve Bağımsız Denetim Raporu,https://www.turkishbank.com/hakkimizda/bizden-haberler/raporlar/31-aralik-2025-konsolide-finansal-tablolar-ve-bagimsiz-denetim-raporu/,2025-12-31,,,2025-12-31,publication_date,Yüksek,Orta Ölçekli Ticari,,Yönetici Bilgilendirme,archive_or_context,False,Kesim tarihinden eski: 2025-12-31 < 2026-05-01,not_checked,mixed feed sample
TurkishBank,REG-C2-TURKISHBANK-HABERLER,TurkishBank Bizden Haberler,TurkishBank Group | Kanlı Kabare Tiyatro & Kokteyl Daveti,https://www.turkishbank.com/hakkimizda/bizden-haberler/turkishbank-group-kanli-kabare-tiyatro-kokteyl-daveti/,2026-01-16,,,2026-01-16,publication_date,Yüksek,Orta Ölçekli Ticari,,Kapsam Dışı,archive_or_context,False,group-level content without TurkishBank A.Ş./Türkiye relevance,not_checked,mixed feed sample
TurkishBank,REG-C2-TURKISHBANK-HABERLER,TurkishBank Bizden Haberler,2026 TurkishBank Group Yeni Yıl Etkinliği,https://www.turkishbank.com/hakkimizda/bizden-haberler/2026-turkishbank-group-yeni-yil-etkinligi/,2025-12-25,,,2025-12-25,publication_date,Yüksek,Orta Ölçekli Ticari,,Kapsam Dışı,archive_or_context,False,group-level content without TurkishBank A.Ş./Türkiye relevance,not_checked,mixed feed sample
TurkishBank,REG-C2-TURKISHBANK-HABERLER,TurkishBank Bizden Haberler,YMM ve Taxia Kurucu Ortağı Şaban Küçük ile Vergi Söyleşisi,https://www.turkishbank.com/hakkimizda/bizden-haberler/ymm-ve-taxia-kurucu-ortagi-saban-kucuk-ile-vergi-soylesisi/,2025-12-17,,,2025-12-17,publication_date,Yüksek,Orta Ölçekli Ticari,,Kapsam Dışı,archive_or_context,False,event/cultural/investment noise,not_checked,mixed feed sample
TurkishBank,REG-C2-TURKISHBANK-HABERLER,TurkishBank Bizden Haberler,CEO Platformu Üyelerine Özel AÇIK YATIRIM Ekonomi Sohbetleri,https://www.turkishbank.com/hakkimizda/bizden-haberler/ceo-platformu-uyelerine-ozel-acik-yatirim-ekonomi-sohbetleri/,2025-12-11,,,2025-12-11,publication_date,Yüksek,Orta Ölçekli Ticari,,Kapsam Dışı,archive_or_context,False,no local commercial/export evidence,not_checked,mixed feed sample
Türk Ticaret Bankası,REG-C2-TTB-HABERLER,Türk Ticaret Bankası Haberler,2026 yılı ilk çeyreğini güçlü finansal sonuçlarla tamamladık,https://www.turkticaretbankasi.com.tr/icerik/2026-yili-ilk-ceyregini-guclu-finansal-sonuclarla-tamamladik,2026-05-01,,,2026-05-01,listing_or_asset_date,Orta,Ticari / İhracat,ihracat,Yönetici Bilgilendirme,management_awareness,True,,not_checked,export/news sample
Türk Ticaret Bankası,REG-C2-TTB-HABERLER,Türk Ticaret Bankası Haberler,Erzurum Şubemiz Hizmete Açıldı,https://www.turkticaretbankasi.com.tr/icerik/erzurum-subemiz-hizmete-acildi,2026-04-01,,,2026-04-01,listing_or_asset_date,Orta,Ticari / İhracat,Şube,Bağımsız Gelişme,archive_or_context,False,Kesim tarihinden eski: 2026-04-01 < 2026-05-01,not_checked,export/news sample
Türk Ticaret Bankası,REG-C2-TTB-HABERLER,Türk Ticaret Bankası Haberler,Samsun Şubemiz Açıldı,https://www.turkticaretbankasi.com.tr/icerik/samsun-subemiz-acildi,2026-04-01,,,2026-04-01,listing_or_asset_date,Orta,Ticari / İhracat,Şube,Bağımsız Gelişme,archive_or_context,False,Kesim tarihinden eski: 2026-04-01 < 2026-05-01,not_checked,export/news sample
Türk Ticaret Bankası,REG-C2-TTB-HABERLER,Türk Ticaret Bankası Haberler,2025 Faaliyet Raporumuz Yayımlandı,https://www.turkticaretbankasi.com.tr/icerik/2025-faaliyet-raporumuz-yayimlandi,2026-03-01,,,2026-03-01,listing_or_asset_date,Orta,Ticari / İhracat,ihracat,Yönetici Bilgilendirme,archive_or_context,False,Kesim tarihinden eski: 2026-03-01 < 2026-05-01,not_checked,export/news sample
Türk Ticaret Bankası,REG-C2-TTB-HABERLER,Türk Ticaret Bankası Haberler,Trabzon Şubemiz Hizmete Açıldı,https://www.turkticaretbankasi.com.tr/icerik/trabzon-subemiz-hizmete-acildi,2026-04-01,,,2026-04-01,listing_or_asset_date,Orta,Ticari / İhracat,Şube,Bağımsız Gelişme,archive_or_context,False,Kesim tarihinden eski: 2026-04-01 < 2026-05-01,not_checked,export/news sample
Türk Ticaret Bankası,REG-C2-TTB-HABERLER,Türk Ticaret Bankası Haberler,"Türk Ticaret Bankası, 2025 yılını güçlü finansal sonuçlarla tamamladı",https://www.turkticaretbankasi.com.tr/icerik/turk-ticaret-bankasi-2025-yilini-guclu-finansal-sonuclarla-tamamladi,2026-02-01,,,2026-02-01,listing_or_asset_date,Orta,Ticari / İhracat,şube,Kapsam Dışı,archive_or_context,False,legal announcement,not_checked,export/news sample
Türk Ticaret Bankası,REG-C2-TTB-HABERLER,Türk Ticaret Bankası Haberler,IFCO Fuarı’na Katıldık,https://www.turkticaretbankasi.com.tr/icerik/ifco-fuarina-katildik,2026-04-01,,,2026-04-01,listing_or_asset_date,Orta,Ticari / İhracat,ihracat,Bağımsız Gelişme,archive_or_context,False,Kesim tarihinden eski: 2026-04-01 < 2026-05-01,not_checked,export/news sample
Türk Ticaret Bankası,REG-C2-TTB-HABERLER,Türk Ticaret Bankası Haberler,Bankamızın 2025 3. Çeyrek Sonuçları,https://www.turkticaretbankasi.com.tr/icerik/bankamizin-2025-3-ceyrek-sonuclari,2025-11-01,,,2025-11-01,listing_or_asset_date,Orta,Ticari / İhracat,finansman,Kapsam Dışı,archive_or_context,False,legal announcement,not_checked,export/news sample
Türk Ticaret Bankası,REG-C2-TTB-HABERLER,Türk Ticaret Bankası Haberler,Türkiye İnovasyon Haftası 2025’in Stratejik Partneriyiz,https://www.turkticaretbankasi.com.tr/icerik/turkiye-inovasyon-haftasi-2025in-stratejik-partneriyiz,2025-10-01,,,2025-10-01,listing_or_asset_date,Orta,Ticari / İhracat,İhracat,Bağımsız Gelişme,archive_or_context,False,Kesim tarihinden eski: 2025-10-01 < 2026-05-01,not_checked,export/news sample
Türk Ticaret Bankası,REG-C2-TTB-HABERLER,Türk Ticaret Bankası Haberler,Bankamızın 2025 2. Çeyrek Sonuçları,https://www.turkticaretbankasi.com.tr/icerik/2025-2-ceyrek-sonuclari,2025-04-01,,,2025-04-01,listing_or_asset_date,Orta,Ticari / İhracat,ihracat,Yönetici Bilgilendirme,archive_or_context,False,Kesim tarihinden eski: 2025-04-01 < 2026-05-01,not_checked,export/news sample
Türk Ticaret Bankası,REG-C2-TTB-BASIN,Türk Ticaret Bankası Basın Bültenleri,Türk Ticaret Bankası  Erzurum Şubesi Hizmete Açıldı,https://www.turkticaretbankasi.com.tr/icerik/turk-ticaret-bankasi-erzurum-subesi-hizmete-acildi,2026-04-01,,,2026-04-01,listing_or_asset_date,Orta,Ticari / İhracat,Şube,Bağımsız Gelişme,archive_or_context,False,Kesim tarihinden eski: 2026-04-01 < 2026-05-01,not_checked,press sample
Türk Ticaret Bankası,REG-C2-TTB-BASIN,Türk Ticaret Bankası Basın Bültenleri,Türk Ticaret Bankası Samsun Şubesi Hizmete Açıldı,https://www.turkticaretbankasi.com.tr/icerik/turk-ticaret-bankasi-samsun-subesi-hizmete-acildi,2026-03-01,,,2026-03-01,listing_or_asset_date,Orta,Ticari / İhracat,Şube,Bağımsız Gelişme,archive_or_context,False,Kesim tarihinden eski: 2026-03-01 < 2026-05-01,not_checked,press sample
Türk Ticaret Bankası,REG-C2-TTB-BASIN,Türk Ticaret Bankası Basın Bültenleri,Türk Ticaret Bankası İhracatçılara Bu Yıl  100 Milyar TL Finansman Desteği Verecek,https://www.turkticaretbankasi.com.tr/icerik/turk-ticaret-bankasi-ihracatcilara-bu-yil-100-milyar-tl-finansman-destegi,2026-01-01,,,2026-01-01,listing_or_asset_date,Orta,Ticari / İhracat,İhracat,Bağımsız Gelişme,archive_or_context,False,Kesim tarihinden eski: 2026-01-01 < 2026-05-01,not_checked,press sample
Türk Ticaret Bankası,REG-C2-TTB-BASIN,Türk Ticaret Bankası Basın Bültenleri,Türk Ticaret Bankası Antalya Şubesi Hizmete Açıldı,https://www.turkticaretbankasi.com.tr/icerik/turk-ticaret-bankasi-antalya-subesi-hizmete-acildi,2026-01-01,,,2026-01-01,listing_or_asset_date,Orta,Ticari / İhracat,Şube,Bağımsız Gelişme,archive_or_context,False,Kesim tarihinden eski: 2026-01-01 < 2026-05-01,not_checked,press sample
Türk Ticaret Bankası,REG-C2-TTB-BASIN,Türk Ticaret Bankası Basın Bültenleri,Türk Ticaret Bankası Çukurova Şubesi Hizmete Açıldı,https://www.turkticaretbankasi.com.tr/icerik/turk-ticaret-bankasi-cukurova-subesi-hizmete-acildi,2026-01-01,,,2026-01-01,listing_or_asset_date,Orta,Ticari / İhracat,Şube,Bağımsız Gelişme,archive_or_context,False,Kesim tarihinden eski: 2026-01-01 < 2026-05-01,not_checked,press sample
Türk Ticaret Bankası,REG-C2-TTB-BASIN,Türk Ticaret Bankası Basın Bültenleri,Türk Ticaret Bankası   Bursa Şubesi Hizmete Açıldı,https://www.turkticaretbankasi.com.tr/icerik/turk-ticaret-bankasi-bursa-subesi-hizmete-acildi,2025-10-01,,,2025-10-01,listing_or_asset_date,Orta,Ticari / İhracat,Şube,Bağımsız Gelişme,archive_or_context,False,Kesim tarihinden eski: 2025-10-01 < 2026-05-01,not_checked,press sample
Türk Ticaret Bankası,REG-C2-TTB-BASIN,Türk Ticaret Bankası Basın Bültenleri,Türk Ticaret Bankası Gaziantep Şubesi Hizmete Açıldı,https://www.turkticaretbankasi.com.tr/icerik/turk-ticaret-bankasi-gaziantep-subesi-hizmete-acildi,2025-09-01,,,2025-09-01,listing_or_asset_date,Orta,Ticari / İhracat,Şube,Bağımsız Gelişme,archive_or_context,False,Kesim tarihinden eski: 2025-09-01 < 2026-05-01,not_checked,press sample
Türk Ticaret Bankası,REG-C2-TTB-BASIN,Türk Ticaret Bankası Basın Bültenleri,Türk Ticaret Bankası İhracatçıya 75 Milyar TL Finansman Desteği Sağlayacak,https://www.turkticaretbankasi.com.tr/icerik/turk-ticaret-bankasi-ihracatciya-75-milyar-tl-finansman-destegi-saglayacak,2025-09-01,,,2025-09-01,listing_or_asset_date,Orta,Ticari / İhracat,İhracat,Bağımsız Gelişme,archive_or_context,False,Kesim tarihinden eski: 2025-09-01 < 2026-05-01,not_checked,press sample
Türk Ticaret Bankası,REG-C2-TTB-BASIN,Türk Ticaret Bankası Basın Bültenleri,Türk Ticaret Bankası Ülke İhracatını Büyütme Hedefiyle Faaliyete Geçti,https://www.turkticaretbankasi.com.tr/icerik/ttb-tanitim-toplantisi-basin-bulteni,2025-05-01,,,2025-05-01,listing_or_asset_date,Orta,Ticari / İhracat,İhracat,Bağımsız Gelişme,archive_or_context,False,Kesim tarihinden eski: 2025-05-01 < 2026-05-01,not_checked,press sample
