current_run_id,institution_name,source_id,source_name,monitoring_mode,collector_capability,attempted_this_run,skipped_this_run,skip_reason,fetched_this_run,changed_this_run,candidate_links_this_run,detail_pages_this_run,error_this_run,historical_last_success,health_status,action_required
final_readiness_20260629T133423_idempotency_clean,Garanti BBVA,REG-001,Garanti BBVA İşim İçin / KOBİ bankacılığı,,static_scrape,False,True,not_production_ready_mvp_active_false,False,False,,,,,Prod Dışı,MVP aktifleşmeden haftalık akışa alınmaz.
final_readiness_20260629T133423_idempotency_clean,Garanti BBVA,REG-002,Garanti BBVA Kartlar & POS,,static_scrape,False,True,not_production_ready_mvp_active_false,False,False,,,,,Prod Dışı,MVP aktifleşmeden haftalık akışa alınmaz.
final_readiness_20260629T133423_idempotency_clean,Garanti BBVA,REG-003,Garanti BBVA Kurumsal communication / press releases,,static_scrape,True,False,,True,False,0,0,,2026-06-29T13:53:24.487098+00:00,Sağlıklı,
final_readiness_20260629T133423_idempotency_clean,İş Bankası,REG-004,İş Bankası İş Ticari,,static_scrape,False,True,not_production_ready_mvp_active_false,False,False,,,,,Prod Dışı,MVP aktifleşmeden haftalık akışa alınmaz.
final_readiness_20260629T133423_idempotency_clean,İş Bankası,REG-005,İş Bankası Sanal POS,,static_scrape,False,True,not_production_ready_mvp_active_false,False,False,,,,,Prod Dışı,MVP aktifleşmeden haftalık akışa alınmaz.
final_readiness_20260629T133423_idempotency_clean,İş Bankası,REG-006,İş Bankası Duyurular,,static_scrape,True,False,,True,False,0,0,,2026-06-29T13:53:24.487098+00:00,Sağlıklı,
final_readiness_20260629T133423_idempotency_clean,Akbank,REG-007,Akbank Kurumsal,,static_scrape,False,True,not_production_ready_mvp_active_false,False,False,,,,,Prod Dışı,MVP aktifleşmeden haftalık akışa alınmaz.
final_readiness_20260629T133423_idempotency_clean,Akbank,REG-008,Akbank Cebe POS,,static_scrape,False,True,not_production_ready_mvp_active_false,False,False,,,,,Prod Dışı,MVP aktifleşmeden haftalık akışa alınmaz.
final_readiness_20260629T133423_idempotency_clean,Akbank,REG-009,Akbank Dövizli POS,,static_scrape,False,True,not_production_ready_mvp_active_false,False,False,,,,,Prod Dışı,MVP aktifleşmeden haftalık akışa alınmaz.
final_readiness_20260629T133423_idempotency_clean,Yapı Kredi,REG-010,Yapı Kredi KOBİ,,static_scrape,False,True,not_production_ready_mvp_active_false,False,False,,,,,Prod Dışı,MVP aktifleşmeden haftalık akışa alınmaz.
final_readiness_20260629T133423_idempotency_clean,Yapı Kredi,REG-011,Yapı Kredi KOBİ Kampanyaları,,static_scrape,True,False,,True,False,0,0,,2026-06-29T13:53:24.487098+00:00,Sağlıklı,
final_readiness_20260629T133423_idempotency_clean,Yapı Kredi,REG-012,Yapı Kredi Basın Bültenleri,,static_scrape,True,False,,True,False,0,0,,2026-06-29T13:53:24.487098+00:00,Sağlıklı,
final_readiness_20260629T133423_idempotency_clean,QNB Finansbank,REG-013,QNB Finansbank KOBİ / KOBİ sayfası,,static_scrape,False,True,not_production_ready_mvp_active_false,False,False,,,,,Prod Dışı,MVP aktifleşmeden haftalık akışa alınmaz.
final_readiness_20260629T133423_idempotency_clean,DenizBank,REG-014,DenizBank İşim İçin / KOBİ Banking,,static_scrape,False,True,not_production_ready_mvp_active_false,False,False,,,,,Prod Dışı,MVP aktifleşmeden haftalık akışa alınmaz.
final_readiness_20260629T133423_idempotency_clean,DenizBank,REG-015,DenizBank Üye İşyeri ve POS İşlemleri,,static_scrape,False,True,not_production_ready_mvp_active_false,False,False,,,,,Prod Dışı,MVP aktifleşmeden haftalık akışa alınmaz.
final_readiness_20260629T133423_idempotency_clean,TEB,REG-016,TEB Firmaniz Icin,,static_scrape,False,True,not_production_ready_mvp_active_false,False,False,,,,,Prod Dışı,MVP aktifleşmeden haftalık akışa alınmaz.
final_readiness_20260629T133423_idempotency_clean,VakifBank,REG-017,VakifBank POS / Üye İşyeri Hizmetleri,,static_scrape,False,True,not_production_ready_mvp_active_false,False,False,,,,,Prod Dışı,MVP aktifleşmeden haftalık akışa alınmaz.
final_readiness_20260629T133423_idempotency_clean,VakifBank,REG-018,VakifBank POS Kampanyaları,,static_scrape,False,True,not_production_ready_mvp_active_false,False,False,,,,,Prod Dışı,MVP aktifleşmeden haftalık akışa alınmaz.
final_readiness_20260629T133423_idempotency_clean,Ziraat Bankasi,REG-019,Ziraat Bankasi Üye İşyeri ve POS Hizmetleri,,static_scrape,False,True,not_production_ready_mvp_active_false,False,False,,,,,Prod Dışı,MVP aktifleşmeden haftalık akışa alınmaz.
final_readiness_20260629T133423_idempotency_clean,Bankkart POS,REG-020,Bankkart POS,,static_scrape,False,True,not_production_ready_mvp_active_false,False,False,,,,,Prod Dışı,MVP aktifleşmeden haftalık akışa alınmaz.
final_readiness_20260629T133423_idempotency_clean,Halkbank,REG-021,Halkbank Üye İşyeri ve POS Hizmetleri,,static_scrape,False,True,not_production_ready_mvp_active_false,False,False,,,,,Prod Dışı,MVP aktifleşmeden haftalık akışa alınmaz.
final_readiness_20260629T133423_idempotency_clean,Halkbank,REG-022,Halkbank Üye İşyeri Ucret ve Komisyonlari,,static_scrape,False,True,not_production_ready_mvp_active_false,False,False,,,,,Prod Dışı,MVP aktifleşmeden haftalık akışa alınmaz.
final_readiness_20260629T133423_idempotency_clean,Kuveyt Türk,REG-023,Kuveyt Türk İşim İçin,,static_scrape,False,True,not_production_ready_mvp_active_false,False,False,,,,,Prod Dışı,MVP aktifleşmeden haftalık akışa alınmaz.
final_readiness_20260629T133423_idempotency_clean,Kuveyt Türk,REG-024,Kuveyt Türk POS Hizmetleri,,static_scrape,False,True,not_production_ready_mvp_active_false,False,False,,,,,Prod Dışı,MVP aktifleşmeden haftalık akışa alınmaz.
final_readiness_20260629T133423_idempotency_clean,Kuveyt Türk,REG-025,Kuveyt Türk KOBİ Kampanyaları,,static_scrape,False,True,not_production_ready_mvp_active_false,False,False,,,,,Prod Dışı,MVP aktifleşmeden haftalık akışa alınmaz.
final_readiness_20260629T133423_idempotency_clean,iyzico,REG-026,iyzico İşim İçin Ödeme Çözümleri,,static_scrape,False,True,not_production_ready_mvp_active_false,False,False,,,,,Prod Dışı,MVP aktifleşmeden haftalık akışa alınmaz.
final_readiness_20260629T133423_idempotency_clean,iyzico,REG-027,iyzico Basın,,static_scrape,False,True,not_production_ready_mvp_active_false,False,False,,,,,Prod Dışı,MVP aktifleşmeden haftalık akışa alınmaz.
final_readiness_20260629T133423_idempotency_clean,iyzico,REG-028,iyzico Blog,,static_scrape,False,True,not_production_ready_mvp_active_false,False,False,,,,,Prod Dışı,MVP aktifleşmeden haftalık akışa alınmaz.
final_readiness_20260629T133423_idempotency_clean,PayTR,REG-029,PayTR Blog,,static_scrape,False,True,not_production_ready_mvp_active_false,False,False,,,,,Prod Dışı,MVP aktifleşmeden haftalık akışa alınmaz.
final_readiness_20260629T133423_idempotency_clean,PayTR,REG-030,PayTR Link ile Ödeme,,static_scrape,False,True,not_production_ready_mvp_active_false,False,False,,,,,Prod Dışı,MVP aktifleşmeden haftalık akışa alınmaz.
final_readiness_20260629T133423_idempotency_clean,Param,REG-031,Param Sanal POS,,static_scrape,False,True,not_production_ready_mvp_active_false,False,False,,,,,Prod Dışı,MVP aktifleşmeden haftalık akışa alınmaz.
final_readiness_20260629T133423_idempotency_clean,Param,REG-032,Param Basın,,static_scrape,False,True,not_production_ready_mvp_active_false,False,False,,,,,Prod Dışı,MVP aktifleşmeden haftalık akışa alınmaz.
final_readiness_20260629T133423_idempotency_clean,Sipay,REG-033,Sipay Link ile Ödeme,,static_scrape,False,True,not_production_ready_mvp_active_false,False,False,,,,,Prod Dışı,MVP aktifleşmeden haftalık akışa alınmaz.
final_readiness_20260629T133423_idempotency_clean,Visa,REG-034,Visa Small Business / Visa & Main,,static_scrape,True,False,,True,False,0,0,,2026-06-29T13:53:24.487098+00:00,Sağlıklı,
final_readiness_20260629T133423_idempotency_clean,Mastercard,REG-035,Mastercard Türkiye SME digitalization article,benchmark_monitoring,browser_required,False,True,browser_required_or_blocked,False,False,,,,,Atlanmış,
final_readiness_20260629T133423_idempotency_clean,Mastercard,REG-036,Mastercard EEMEA Press Releases,blocked_source_watch,browser_required,False,True,browser_required_or_blocked,False,False,,,,,Erişim Engelli,Manuel resmi kanıt + recovery watch ile izleniyor.
final_readiness_20260629T133423_idempotency_clean,BKM,REG-037,BKM Ödeme Çözümleri / TechPOS,,static_scrape,False,True,not_production_ready_mvp_active_false,False,False,,,,,Prod Dışı,MVP aktifleşmeden haftalık akışa alınmaz.
final_readiness_20260629T133423_idempotency_clean,BKM,REG-038,BKM TROY,,static_scrape,False,True,not_production_ready_mvp_active_false,False,False,,,,,Prod Dışı,MVP aktifleşmeden haftalık akışa alınmaz.
final_readiness_20260629T133423_idempotency_clean,TROY,REG-039,TROY,,static_scrape,False,True,not_production_ready_mvp_active_false,False,False,,,,,Prod Dışı,MVP aktifleşmeden haftalık akışa alınmaz.
final_readiness_20260629T133423_idempotency_clean,Stripe,REG-040,Stripe Gömülü Finans,,static_scrape,False,True,not_production_ready_mvp_active_false,False,False,,,,,Prod Dışı,MVP aktifleşmeden haftalık akışa alınmaz.
final_readiness_20260629T133423_idempotency_clean,Stripe,REG-041,Stripe Newsroom,,static_scrape,False,True,not_production_ready_mvp_active_false,False,False,,,,,Prod Dışı,MVP aktifleşmeden haftalık akışa alınmaz.
final_readiness_20260629T133423_idempotency_clean,Stripe,REG-042,Stripe Embedded payments for small businesses,,static_scrape,False,True,not_production_ready_mvp_active_false,False,False,,,,,Prod Dışı,MVP aktifleşmeden haftalık akışa alınmaz.
final_readiness_20260629T133423_idempotency_clean,Adyen,REG-043,Adyen Unified Commerce,,static_scrape,False,True,not_production_ready_mvp_active_false,False,False,,,,,Prod Dışı,MVP aktifleşmeden haftalık akışa alınmaz.
final_readiness_20260629T133423_idempotency_clean,Adyen,REG-044,Adyen Press and Media,,static_scrape,False,True,not_production_ready_mvp_active_false,False,False,,,,,Prod Dışı,MVP aktifleşmeden haftalık akışa alınmaz.
final_readiness_20260629T133423_idempotency_clean,Revolut Business,REG-045,Revolut Business Accept Payments,,static_scrape,False,True,not_production_ready_mvp_active_false,False,False,,,,,Prod Dışı,MVP aktifleşmeden haftalık akışa alınmaz.
final_readiness_20260629T133423_idempotency_clean,Revolut Business,REG-046,Revolut İşletme API,,static_scrape,False,True,not_production_ready_mvp_active_false,False,False,,,,,Prod Dışı,MVP aktifleşmeden haftalık akışa alınmaz.
final_readiness_20260629T133423_idempotency_clean,Wise Business,REG-047,Wise Platform,,static_scrape,False,True,not_production_ready_mvp_active_false,False,False,,,,,Prod Dışı,MVP aktifleşmeden haftalık akışa alınmaz.
final_readiness_20260629T133423_idempotency_clean,Wise Business,REG-048,Wise Platform API Docs,,static_scrape,False,True,not_production_ready_mvp_active_false,False,False,,,,,Prod Dışı,MVP aktifleşmeden haftalık akışa alınmaz.
final_readiness_20260629T133423_idempotency_clean,Rekabet Kurumu,REG-049,Rekabet Kurumu Güncel,,static_scrape,False,True,not_production_ready_mvp_active_false,False,False,,,,,Prod Dışı,MVP aktifleşmeden haftalık akışa alınmaz.
final_readiness_20260629T133423_idempotency_clean,Rekabet Kurumu,REG-050,Rekabet Kurumu Mastercard and Visa investigation,,static_scrape,False,True,not_production_ready_mvp_active_false,False,False,,,,,Prod Dışı,MVP aktifleşmeden haftalık akışa alınmaz.
final_readiness_20260629T133423_idempotency_clean,TCMB,REG-051,TCMB Duyurular,,static_scrape,False,True,not_production_ready_mvp_active_false,False,False,,,,,Prod Dışı,MVP aktifleşmeden haftalık akışa alınmaz.
final_readiness_20260629T133423_idempotency_clean,BDDK,REG-052,BDDK Duyurular,,static_scrape,False,True,not_production_ready_mvp_active_false,False,False,,,,,Prod Dışı,MVP aktifleşmeden haftalık akışa alınmaz.
final_readiness_20260629T133423_idempotency_clean,KAP,REG-053,KAP Bank announcements search page,,manual,False,True,manual_source,False,False,,,,,Manuel İzleme,Otomatik fetch yok.
final_readiness_20260629T133423_idempotency_clean,Türkiye Bankalar Birligi,REG-054,Türkiye Bankalar Birligi Duyurular,,static_scrape,False,True,not_production_ready_mvp_active_false,False,False,,,,,Prod Dışı,MVP aktifleşmeden haftalık akışa alınmaz.
final_readiness_20260629T133423_idempotency_clean,TODEB,REG-055,TODEB Duyurular,,static_scrape,False,True,not_production_ready_mvp_active_false,False,False,,,,,Prod Dışı,MVP aktifleşmeden haftalık akışa alınmaz.
final_readiness_20260629T133423_idempotency_clean,Webrazzi,REG-056,Webrazzi Fintech,,static_scrape,False,True,not_production_ready_mvp_active_false,False,False,,,,,Prod Dışı,MVP aktifleşmeden haftalık akışa alınmaz.
final_readiness_20260629T133423_idempotency_clean,FinTech Istanbul,REG-057,FinTech Istanbul,,static_scrape,False,True,not_production_ready_mvp_active_false,False,False,,,,,Prod Dışı,MVP aktifleşmeden haftalık akışa alınmaz.
final_readiness_20260629T133423_idempotency_clean,Dünya Gazetesi,REG-058,Dünya Gazetesi Finans,,static_scrape,False,True,not_production_ready_mvp_active_false,False,False,,,,,Prod Dışı,MVP aktifleşmeden haftalık akışa alınmaz.
final_readiness_20260629T133423_idempotency_clean,Bloomberg HT,REG-059,Bloomberg HT Finans,,static_scrape,False,True,not_production_ready_mvp_active_false,False,False,,,,,Prod Dışı,MVP aktifleşmeden haftalık akışa alınmaz.
final_readiness_20260629T133423_idempotency_clean,Anadolu Ajansı,REG-060,Anadolu Ajansı Economy,,static_scrape,False,True,not_production_ready_mvp_active_false,False,False,,,,,Prod Dışı,MVP aktifleşmeden haftalık akışa alınmaz.
final_readiness_20260629T133423_idempotency_clean,QNB Finansbank,REG-061,QNB Finansbank Kampanyalar,,static_scrape,True,False,,True,False,0,0,,2026-06-29T13:53:24.487098+00:00,Sağlıklı,
final_readiness_20260629T133423_idempotency_clean,QNB Finansbank,REG-062,QNB Card KOBİ Ticari Kredi Kartı Kampanyaları,,static_scrape,True,False,,True,False,0,0,,2026-06-29T13:53:24.487098+00:00,Sağlıklı,
final_readiness_20260629T133423_idempotency_clean,QNB Finansbank,REG-063,QNB KOBİ POS Çözümleri,,static_scrape,True,False,,True,False,0,0,,2026-06-29T13:53:24.487098+00:00,Sağlıklı,
final_readiness_20260629T133423_idempotency_clean,QNB Finansbank,REG-064,QNB POS,,static_scrape,True,False,,True,False,0,0,,2026-06-29T13:53:24.487098+00:00,Sağlıklı,
final_readiness_20260629T133423_idempotency_clean,QNB Finansbank,REG-065,QNB Yazar Kasa POS,,static_scrape,True,False,,True,False,0,0,,2026-06-29T13:53:24.487098+00:00,Sağlıklı,
final_readiness_20260629T133423_idempotency_clean,QNB Finansbank,REG-066,QNB KOBİ Kredileri,,static_scrape,True,False,,True,False,0,0,,2026-06-29T13:53:24.487098+00:00,Sağlıklı,
final_readiness_20260629T133423_idempotency_clean,QNB Finansbank,REG-067,QNB KOBİ Rahat,,static_scrape,True,False,,True,False,0,0,,2026-06-29T13:53:24.487098+00:00,Sağlıklı,
final_readiness_20260629T133423_idempotency_clean,QNB Finansbank,REG-068,QNB KOBİ Ticari Kredi Kartları,,static_scrape,True,False,,True,False,0,0,,2026-06-29T13:53:24.487098+00:00,Sağlıklı,
final_readiness_20260629T133423_idempotency_clean,Visa,REG-069,Visa Türkiye KOBİ Araçları,,static_scrape,False,True,not_production_ready_mvp_active_false,False,False,,,,,Prod Dışı,MVP aktifleşmeden haftalık akışa alınmaz.
final_readiness_20260629T133423_idempotency_clean,Visa,REG-070,Visa Global Newsroom,,static_scrape,True,False,,True,False,0,0,,2026-06-29T13:53:24.487098+00:00,Sağlıklı,
final_readiness_20260629T133423_idempotency_clean,Mastercard,REG-071,Mastercard EEMEA Newsroom,blocked_source_watch,browser_required,False,True,browser_required_or_blocked,False,False,,,,,Erişim Engelli,Manuel resmi kanıt + recovery watch ile izleniyor.
final_readiness_20260629T133423_idempotency_clean,Mastercard,REG-072,Mastercard EEMEA News Briefs,blocked_source_watch,browser_required,False,True,browser_required_or_blocked,False,False,,,,,Erişim Engelli,Manuel resmi kanıt + recovery watch ile izleniyor.
final_readiness_20260629T133423_idempotency_clean,Mastercard,REG-073,Mastercard EEMEA Perspectives,blocked_source_watch,browser_required,False,True,browser_required_or_blocked,False,False,,,,,Erişim Engelli,Manuel resmi kanıt + recovery watch ile izleniyor.
final_readiness_20260629T133423_idempotency_clean,BKM,REG-074,BKM Basın Bültenleri,,manual,False,True,inactive,False,False,,,,,Atlanmış,
final_readiness_20260629T133423_idempotency_clean,BKM,REG-075,BKM Haberler,,manual,False,True,inactive,False,False,,,,,Atlanmış,
final_readiness_20260629T133423_idempotency_clean,BKM,REG-076,BKM Duyurular,,manual,False,True,inactive,False,False,,,,,Atlanmış,
final_readiness_20260629T133423_idempotency_clean,TROY,REG-077,TROY Haberler,,manual,False,True,inactive,False,False,,,,,Atlanmış,
final_readiness_20260629T133423_idempotency_clean,Alternatif Bank,REG-078,Alternatif Bank Basın Odası,,manual,False,True,inactive,False,False,,,,,Atlanmış,
final_readiness_20260629T133423_idempotency_clean,Alternatif Bank,REG-079,Alternatif Bank Kampanyalar,,manual,False,True,inactive,False,False,,,,,Atlanmış,
final_readiness_20260629T133423_idempotency_clean,DenizBank,REG-080,DenizBank Medya Merkezi / Basında DenizBank,,manual,False,True,inactive,False,False,,,,,Atlanmış,
final_readiness_20260629T133423_idempotency_clean,DenizBank,REG-081,DenizBank Kampanyalar,,manual,False,True,inactive,False,False,,,,,Atlanmış,
final_readiness_20260629T133423_idempotency_clean,DenizBank,REG-082,DenizBank POS Ürünleri,,static_scrape,False,True,not_production_ready_mvp_active_false,False,False,,,,,Prod Dışı,MVP aktifleşmeden haftalık akışa alınmaz.
final_readiness_20260629T133423_idempotency_clean,ING,REG-083,ING Basın Bültenleri 2026,,static_scrape,True,False,,True,False,0,0,,2026-06-29T13:53:24.487098+00:00,Sağlıklı,
final_readiness_20260629T133423_idempotency_clean,ING,REG-084,ING Üye İşyeri,,static_scrape,False,True,not_production_ready_mvp_active_false,False,False,,,,,Prod Dışı,MVP aktifleşmeden haftalık akışa alınmaz.
final_readiness_20260629T133423_idempotency_clean,ING,REG-085,ING POS Ürünleri,,static_scrape,False,True,not_production_ready_mvp_active_false,False,False,,,,,Prod Dışı,MVP aktifleşmeden haftalık akışa alınmaz.
final_readiness_20260629T133423_idempotency_clean,TEB,REG-086,TEB Basın Açıklamaları,,manual,False,True,inactive,False,False,,,,,Atlanmış,
final_readiness_20260629T133423_idempotency_clean,TEB,REG-087,CEPTETEB İşte Kampanyaları,,manual,False,True,inactive,False,False,,,,,Atlanmış,
final_readiness_20260629T133423_idempotency_clean,TEB,REG-088,TEB POS,,static_scrape,False,True,not_production_ready_mvp_active_false,False,False,,,,,Prod Dışı,MVP aktifleşmeden haftalık akışa alınmaz.
final_readiness_20260629T133423_idempotency_clean,Şekerbank,REG-089,Şekerbank Esnaf KOBİ Kampanyalar,,manual,False,True,inactive,False,False,,,,,Atlanmış,
final_readiness_20260629T133423_idempotency_clean,Şekerbank,REG-090,Şekerbank POS Kampanyaları,,manual,False,True,inactive,False,False,,,,,Atlanmış,
final_readiness_20260629T133423_idempotency_clean,Şekerbank,REG-091,Şekerbank Ticari Kartlar,,static_scrape,False,True,not_production_ready_mvp_active_false,False,False,,,,,Prod Dışı,MVP aktifleşmeden haftalık akışa alınmaz.
final_readiness_20260629T133423_idempotency_clean,Fibabanka,REG-092,Fibabanka Kampanyalar,,manual,False,True,inactive,False,False,,,,,Atlanmış,
final_readiness_20260629T133423_idempotency_clean,Fibabanka,REG-093,Fibabanka Business Kredi Kartı,,static_scrape,False,True,not_production_ready_mvp_active_false,False,False,,,,,Prod Dışı,MVP aktifleşmeden haftalık akışa alınmaz.
final_readiness_20260629T133423_idempotency_clean,Anadolubank,REG-094,Anadolubank Kampanyalar,,static_scrape,False,True,inactive,False,False,,,,,Atlanmış,
final_readiness_20260629T133423_idempotency_clean,Anadolubank,REG-095,Anadolubank POS,,static_scrape,False,True,not_production_ready_mvp_active_false,False,False,,,,,Prod Dışı,MVP aktifleşmeden haftalık akışa alınmaz.
final_readiness_20260629T133423_idempotency_clean,Odeabank,REG-096,Odeabank Basın Bültenleri,,static_scrape,False,True,not_production_ready_mvp_active_false,False,False,,,,,Prod Dışı,MVP aktifleşmeden haftalık akışa alınmaz.
final_readiness_20260629T133423_idempotency_clean,Odeabank,REG-097,Odeabank Ticari,,static_scrape,False,True,not_production_ready_mvp_active_false,False,False,,,,,Prod Dışı,MVP aktifleşmeden haftalık akışa alınmaz.
final_readiness_20260629T133423_idempotency_clean,Burgan Bank,REG-098,Burgan Bank Basın Odası,,static_scrape,False,True,not_production_ready_mvp_active_false,False,False,,,,,Prod Dışı,MVP aktifleşmeden haftalık akışa alınmaz.
final_readiness_20260629T133423_idempotency_clean,HSBC,REG-099,HSBC Türkiye,,manual,False,True,inactive,False,False,,,,,Atlanmış,
final_readiness_20260629T133423_idempotency_clean,Enpara,REG-100,Enpara Şirketim,,static_scrape,False,True,not_production_ready_mvp_active_false,False,False,,,,,Prod Dışı,MVP aktifleşmeden haftalık akışa alınmaz.
final_readiness_20260629T133423_idempotency_clean,Enpara,REG-101,Enpara Şirketim Kampanyalar,,static_scrape,True,False,,True,False,0,0,,2026-06-29T13:53:24.487098+00:00,Sağlıklı,
final_readiness_20260629T133423_idempotency_clean,T-Bank,REG-102,T-Bank Hakkında,,static_scrape,False,True,not_production_ready_mvp_active_false,False,False,,,,,Prod Dışı,MVP aktifleşmeden haftalık akışa alınmaz.
final_readiness_20260629T133423_idempotency_clean,TurkishBank,REG-103,TurkishBank Ana Site,,static_scrape,False,True,inactive,False,False,,,,,Atlanmış,
final_readiness_20260629T133423_idempotency_clean,Türk Ticaret Bankası,REG-104,Türk Ticaret Bankası Ana Site,,static_scrape,False,True,inactive,False,False,,,,,Atlanmış,
final_readiness_20260629T133423_idempotency_clean,Colendi Bank,REG-105,Colendi Bank Basında Biz,,static_scrape,False,True,inactive,False,False,,,,,Atlanmış,
final_readiness_20260629T133423_idempotency_clean,FUPS Bank,REG-106,FUPS Bank,,static_scrape,False,True,inactive,False,False,,,,,Atlanmış,
final_readiness_20260629T133423_idempotency_clean,ICBC Turkey,REG-107,ICBC Turkey,,manual,False,True,inactive,False,False,,,,,Atlanmış,
final_readiness_20260629T133423_idempotency_clean,Arap Türk Bankası,REG-108,Arap Türk Bankası,,static_scrape,False,True,inactive,False,False,,,,,Atlanmış,
final_readiness_20260629T133423_idempotency_clean,Bank of China Turkey,REG-109,Bank of China Turkey,,static_scrape,False,True,inactive,False,False,,,,,Atlanmış,
final_readiness_20260629T133423_idempotency_clean,Citibank,REG-110,Citibank manual registry placeholder,,manual,False,True,inactive,False,False,,,,,Atlanmış,
final_readiness_20260629T133423_idempotency_clean,Deutsche Bank,REG-111,Deutsche Bank manual registry placeholder,,manual,False,True,inactive,False,False,,,,,Atlanmış,
final_readiness_20260629T133423_idempotency_clean,JPMorgan Chase Bank,REG-112,JPMorgan Chase Bank manual registry placeholder,,manual,False,True,inactive,False,False,,,,,Atlanmış,
final_readiness_20260629T133423_idempotency_clean,MUFG Bank Turkey,REG-113,MUFG Bank Turkey manual registry placeholder,,manual,False,True,inactive,False,False,,,,,Atlanmış,
final_readiness_20260629T133423_idempotency_clean,Intesa Sanpaolo,REG-114,Intesa Sanpaolo manual registry placeholder,,manual,False,True,inactive,False,False,,,,,Atlanmış,
final_readiness_20260629T133423_idempotency_clean,Rabobank,REG-115,Rabobank manual registry placeholder,,manual,False,True,inactive,False,False,,,,,Atlanmış,
final_readiness_20260629T133423_idempotency_clean,Société Générale,REG-116,Société Générale manual registry placeholder,,manual,False,True,inactive,False,False,,,,,Atlanmış,
final_readiness_20260629T133423_idempotency_clean,Bank Mellat,REG-117,Bank Mellat manual registry placeholder,,manual,False,True,inactive,False,False,,,,,Atlanmış,
final_readiness_20260629T133423_idempotency_clean,Alternatif Bank,REG-118,Alternatif Bank Basın Bültenleri ve Duyurular,,static_scrape,True,False,,True,False,0,0,,2026-06-29T13:53:24.487098+00:00,Sağlıklı,
final_readiness_20260629T133423_idempotency_clean,Alternatif Bank,REG-119,Alternatif Bank Tahsilat Çözümleri,,static_scrape,False,True,not_production_ready_mvp_active_false,False,False,,,,,Prod Dışı,MVP aktifleşmeden haftalık akışa alınmaz.
final_readiness_20260629T133423_idempotency_clean,Alternatif Bank,REG-120,Alternatif Bank POS ve Üye İşyeri Hizmetleri,,static_scrape,False,True,not_production_ready_mvp_active_false,False,False,,,,,Prod Dışı,MVP aktifleşmeden haftalık akışa alınmaz.
final_readiness_20260629T133423_idempotency_clean,DenizBank,REG-121,DenizBank İşim İçin,,static_scrape,False,True,not_production_ready_mvp_active_false,False,False,,,,,Prod Dışı,MVP aktifleşmeden haftalık akışa alınmaz.
final_readiness_20260629T133423_idempotency_clean,DenizBank,REG-122,DenizBank KOBİ Kredileri,,static_scrape,False,True,not_production_ready_mvp_active_false,False,False,,,,,Prod Dışı,MVP aktifleşmeden haftalık akışa alınmaz.
final_readiness_20260629T133423_idempotency_clean,DenizBank,REG-123,DenizBank Üye İşyeri Hizmetleri,,static_scrape,False,True,not_production_ready_mvp_active_false,False,False,,,,,Prod Dışı,MVP aktifleşmeden haftalık akışa alınmaz.
final_readiness_20260629T133423_idempotency_clean,DenizBank,REG-124,DenizBank Hesap Hareketi Entegrasyonu,,static_scrape,False,True,not_production_ready_mvp_active_false,False,False,,,,,Prod Dışı,MVP aktifleşmeden haftalık akışa alınmaz.
final_readiness_20260629T133423_idempotency_clean,DenizBank,REG-125,DenizBank Doğrudan Borçlandırma Sistemi,,static_scrape,False,True,not_production_ready_mvp_active_false,False,False,,,,,Prod Dışı,MVP aktifleşmeden haftalık akışa alınmaz.
final_readiness_20260629T133423_idempotency_clean,DenizBank,REG-126,DenizBank Güvenli Araç Alım Satım Sistemi,,static_scrape,False,True,not_production_ready_mvp_active_false,False,False,,,,,Prod Dışı,MVP aktifleşmeden haftalık akışa alınmaz.
final_readiness_20260629T133423_idempotency_clean,ING,REG-127,ING İşiniz İçin,,static_scrape,False,True,not_production_ready_mvp_active_false,False,False,,,,,Prod Dışı,MVP aktifleşmeden haftalık akışa alınmaz.
final_readiness_20260629T133423_idempotency_clean,ING,REG-128,ING Üye İşyeri Hizmetleri,,static_scrape,False,True,not_production_ready_mvp_active_false,False,False,,,,,Prod Dışı,MVP aktifleşmeden haftalık akışa alınmaz.
final_readiness_20260629T133423_idempotency_clean,ING,REG-129,ING Cebimde POS,,static_scrape,False,True,not_production_ready_mvp_active_false,False,False,,,,,Prod Dışı,MVP aktifleşmeden haftalık akışa alınmaz.
final_readiness_20260629T133423_idempotency_clean,ING,REG-130,ING POS Ekstra,,static_scrape,False,True,not_production_ready_mvp_active_false,False,False,,,,,Prod Dışı,MVP aktifleşmeden haftalık akışa alınmaz.
final_readiness_20260629T133423_idempotency_clean,ING,REG-131,ING KOBİ Nakit POS,,static_scrape,False,True,not_production_ready_mvp_active_false,False,False,,,,,Prod Dışı,MVP aktifleşmeden haftalık akışa alınmaz.
final_readiness_20260629T133423_idempotency_clean,ING,REG-132,ING Sağlık POS,,static_scrape,False,True,not_production_ready_mvp_active_false,False,False,,,,,Prod Dışı,MVP aktifleşmeden haftalık akışa alınmaz.
final_readiness_20260629T133423_idempotency_clean,ING,REG-133,ING Karekod Ödeme,,static_scrape,False,True,not_production_ready_mvp_active_false,False,False,,,,,Prod Dışı,MVP aktifleşmeden haftalık akışa alınmaz.
final_readiness_20260629T133423_idempotency_clean,TEB,REG-134,TEB KOBİ'yim,,manual,False,True,inactive,False,False,,,,,Atlanmış,
final_readiness_20260629T133423_idempotency_clean,TEB,REG-135,TEB Tahsilat Çözümleri,,static_scrape,False,True,not_production_ready_mvp_active_false,False,False,,,,,Prod Dışı,MVP aktifleşmeden haftalık akışa alınmaz.
final_readiness_20260629T133423_idempotency_clean,TEB,REG-136,TEB CEPTETEB Kurumsal Şube,,static_scrape,False,True,not_production_ready_mvp_active_false,False,False,,,,,Prod Dışı,MVP aktifleşmeden haftalık akışa alınmaz.
final_readiness_20260629T133423_idempotency_clean,TEB,REG-137,TEB Bonus Business Card,,static_scrape,False,True,not_production_ready_mvp_active_false,False,False,,,,,Prod Dışı,MVP aktifleşmeden haftalık akışa alınmaz.
final_readiness_20260629T133423_idempotency_clean,TEB,REG-138,TEB OSB Ürün,,static_scrape,False,True,not_production_ready_mvp_active_false,False,False,,,,,Prod Dışı,MVP aktifleşmeden haftalık akışa alınmaz.
final_readiness_20260629T133423_idempotency_clean,TEB,REG-139,TEB Kamu Finansmanı,,static_scrape,False,True,not_production_ready_mvp_active_false,False,False,,,,,Prod Dışı,MVP aktifleşmeden haftalık akışa alınmaz.
final_readiness_20260629T133423_idempotency_clean,Şekerbank,REG-140,Şekerbank Basın Odası,,static_scrape,True,False,,True,False,0,0,,2026-06-29T13:53:24.487098+00:00,Sağlıklı,
final_readiness_20260629T133423_idempotency_clean,Şekerbank,REG-141,Şekerbank Esnaf KOBİ,,static_scrape,False,True,not_production_ready_mvp_active_false,False,False,,,,,Prod Dışı,MVP aktifleşmeden haftalık akışa alınmaz.
final_readiness_20260629T133423_idempotency_clean,Şekerbank,REG-142,Şekerbank KOBİ,,static_scrape,False,True,not_production_ready_mvp_active_false,False,False,,,,,Prod Dışı,MVP aktifleşmeden haftalık akışa alınmaz.
final_readiness_20260629T133423_idempotency_clean,Şekerbank,REG-143,Şekerbank Üye İşyeri POS,,static_scrape,False,True,not_production_ready_mvp_active_false,False,False,,,,,Prod Dışı,MVP aktifleşmeden haftalık akışa alınmaz.
final_readiness_20260629T133423_idempotency_clean,Şekerbank,REG-144,Şekerbank ÖKC Yazar Kasa POS,,static_scrape,False,True,not_production_ready_mvp_active_false,False,False,,,,,Prod Dışı,MVP aktifleşmeden haftalık akışa alınmaz.
final_readiness_20260629T133423_idempotency_clean,Şekerbank,REG-145,Şekerbank NarPOS,,static_scrape,False,True,not_production_ready_mvp_active_false,False,False,,,,,Prod Dışı,MVP aktifleşmeden haftalık akışa alınmaz.
final_readiness_20260629T133423_idempotency_clean,Şekerbank,REG-146,Şekerbank e-Fatura Finansmanı,,static_scrape,False,True,not_production_ready_mvp_active_false,False,False,,,,,Prod Dışı,MVP aktifleşmeden haftalık akışa alınmaz.
final_readiness_20260629T133423_idempotency_clean,Fibabanka,REG-147,Fibabanka Duyuru ve Haberler 2026,,manual,False,True,inactive,False,False,,,,,Atlanmış,
final_readiness_20260629T133423_idempotency_clean,Fibabanka,REG-148,Fibabanka Güncel Özel Kampanyalar,,static_scrape,False,True,not_production_ready_mvp_active_false,False,False,,,,,Prod Dışı,MVP aktifleşmeden haftalık akışa alınmaz.
final_readiness_20260629T133423_idempotency_clean,Fibabanka,REG-149,Fibabanka KOBİ Kredileri,,static_scrape,False,True,not_production_ready_mvp_active_false,False,False,,,,,Prod Dışı,MVP aktifleşmeden haftalık akışa alınmaz.
final_readiness_20260629T133423_idempotency_clean,Fibabanka,REG-150,Fibabanka İşletme ve Tarım Kredi Başvuru,,static_scrape,False,True,not_production_ready_mvp_active_false,False,False,,,,,Prod Dışı,MVP aktifleşmeden haftalık akışa alınmaz.
final_readiness_20260629T133423_idempotency_clean,Fibabanka,REG-151,Fibabanka Ticari Müşteri Olmak İstiyorum,,static_scrape,False,True,not_production_ready_mvp_active_false,False,False,,,,,Prod Dışı,MVP aktifleşmeden haftalık akışa alınmaz.
final_readiness_20260629T133423_idempotency_clean,Fibabanka,REG-152,Fibabanka Nakit Yönetim Ürünleri,,static_scrape,False,True,not_production_ready_mvp_active_false,False,False,,,,,Prod Dışı,MVP aktifleşmeden haftalık akışa alınmaz.
final_readiness_20260629T133423_idempotency_clean,Anadolubank,REG-153,Anadolubank Basın Bültenleri ve Röportajlar,,static_scrape,False,True,not_production_ready_mvp_active_false,False,False,,,,,Prod Dışı,MVP aktifleşmeden haftalık akışa alınmaz.
final_readiness_20260629T133423_idempotency_clean,Anadolubank,REG-154,Anadolubank Açık Bankacılık Çözümleri,,static_scrape,False,True,not_production_ready_mvp_active_false,False,False,,,,,Prod Dışı,MVP aktifleşmeden haftalık akışa alınmaz.
final_readiness_20260629T133423_idempotency_clean,Anadolubank,REG-155,Anadolubank Doğrudan Borçlandırma Sistemi,,static_scrape,False,True,not_production_ready_mvp_active_false,False,False,,,,,Prod Dışı,MVP aktifleşmeden haftalık akışa alınmaz.
final_readiness_20260629T133423_idempotency_clean,Anadolubank,REG-156,Anadolubank Nakit Yönetimi,,static_scrape,False,True,not_production_ready_mvp_active_false,False,False,,,,,Prod Dışı,MVP aktifleşmeden haftalık akışa alınmaz.
final_readiness_20260629T133423_idempotency_clean,Odeabank,REG-157,Odeabank Nakit Yönetimi,,static_scrape,False,True,not_production_ready_mvp_active_false,False,False,,,,,Prod Dışı,MVP aktifleşmeden haftalık akışa alınmaz.
final_readiness_20260629T133423_idempotency_clean,Odeabank,REG-158,Odeabank Dış Ticaret ve Nakit Yönetimi Uzman Hattı,,static_scrape,False,True,not_production_ready_mvp_active_false,False,False,,,,,Prod Dışı,MVP aktifleşmeden haftalık akışa alınmaz.
final_readiness_20260629T133423_idempotency_clean,Burgan Bank,REG-159,Burgan Bank Kurumsal ve Ticari Bankacılık,,static_scrape,False,True,not_production_ready_mvp_active_false,False,False,,,,,Prod Dışı,MVP aktifleşmeden haftalık akışa alınmaz.
final_readiness_20260629T133423_idempotency_clean,Burgan Bank,REG-160,Burgan Bank Ürün ve Hizmet Ücretleri,,static_scrape,False,True,not_production_ready_mvp_active_false,False,False,,,,,Prod Dışı,MVP aktifleşmeden haftalık akışa alınmaz.
final_readiness_20260629T133423_idempotency_clean,HSBC,REG-161,HSBC Haberler,,manual,False,True,manual_source,False,False,,,,,Manuel İzleme,Otomatik fetch yok.
final_readiness_20260629T133423_idempotency_clean,HSBC,REG-162,HSBC Business Türkiye,,static_scrape,False,True,not_production_ready_mvp_active_false,False,False,,,,,Prod Dışı,MVP aktifleşmeden haftalık akışa alınmaz.
final_readiness_20260629T133423_idempotency_clean,HSBC,REG-163,HSBC Credit and Lending,,static_scrape,False,True,not_production_ready_mvp_active_false,False,False,,,,,Prod Dışı,MVP aktifleşmeden haftalık akışa alınmaz.
final_readiness_20260629T133423_idempotency_clean,HSBC,REG-164,HSBC Business Expansion,,static_scrape,False,True,not_production_ready_mvp_active_false,False,False,,,,,Prod Dışı,MVP aktifleşmeden haftalık akışa alınmaz.
final_readiness_20260629T133423_idempotency_clean,HSBC,REG-165,HSBC Business Investments / Liquidity,,static_scrape,False,True,not_production_ready_mvp_active_false,False,False,,,,,Prod Dışı,MVP aktifleşmeden haftalık akışa alınmaz.
final_readiness_20260629T133423_idempotency_clean,Enpara,REG-166,Enpara Şirketim Duyurular,,manual,False,True,manual_source,False,False,,,,,Manuel İzleme,Otomatik fetch yok.
final_readiness_20260629T133423_idempotency_clean,Enpara,REG-167,Enpara Şirketim POS,,static_scrape,False,True,not_production_ready_mvp_active_false,False,False,,,,,Prod Dışı,MVP aktifleşmeden haftalık akışa alınmaz.
final_readiness_20260629T133423_idempotency_clean,Enpara,REG-168,Enpara Şirketim Ticari Kredi Kartı,,static_scrape,False,True,not_production_ready_mvp_active_false,False,False,,,,,Prod Dışı,MVP aktifleşmeden haftalık akışa alınmaz.
final_readiness_20260629T133423_idempotency_clean,Enpara,REG-169,Enpara Şirketim Ödemeler,,static_scrape,False,True,not_production_ready_mvp_active_false,False,False,,,,,Prod Dışı,MVP aktifleşmeden haftalık akışa alınmaz.
final_readiness_20260629T133423_idempotency_clean,Enpara,REG-170,Enpara Şirketim Oranlar ve Kurlar,,static_scrape,False,True,not_production_ready_mvp_active_false,False,False,,,,,Prod Dışı,MVP aktifleşmeden haftalık akışa alınmaz.
final_readiness_20260629T133423_idempotency_clean,Enpara,REG-171,Enpara Şirketim Ücretler,,static_scrape,False,True,not_production_ready_mvp_active_false,False,False,,,,,Prod Dışı,MVP aktifleşmeden haftalık akışa alınmaz.
final_readiness_20260629T133423_idempotency_clean,Burgan Bank,REG-172,Burgan Bank Proje Finansmanı,,static_scrape,False,True,not_production_ready_mvp_active_false,False,False,,,,,Prod Dışı,MVP aktifleşmeden haftalık akışa alınmaz.
final_readiness_20260629T133423_idempotency_clean,Burgan Bank,REG-173,Burgan Bank Mevduat,,static_scrape,False,True,not_production_ready_mvp_active_false,False,False,,,,,Prod Dışı,MVP aktifleşmeden haftalık akışa alınmaz.
final_readiness_20260629T133423_idempotency_clean,Burgan Bank,REG-174,Burgan Bank Yatırım,,static_scrape,False,True,not_production_ready_mvp_active_false,False,False,,,,,Prod Dışı,MVP aktifleşmeden haftalık akışa alınmaz.
final_readiness_20260629T133423_idempotency_clean,Burgan Bank,REG-175,Burgan Bank Dış Ticaret,,static_scrape,False,True,not_production_ready_mvp_active_false,False,False,,,,,Prod Dışı,MVP aktifleşmeden haftalık akışa alınmaz.
final_readiness_20260629T133423_idempotency_clean,Burgan Bank,REG-176,Burgan Bank Sigorta,,static_scrape,False,True,not_production_ready_mvp_active_false,False,False,,,,,Prod Dışı,MVP aktifleşmeden haftalık akışa alınmaz.
final_readiness_20260629T133423_idempotency_clean,Burgan Bank,REG-177,Burgan Bank Masraf Komisyon Listesi,,static_scrape,False,True,not_production_ready_mvp_active_false,False,False,,,,,Prod Dışı,MVP aktifleşmeden haftalık akışa alınmaz.
final_readiness_20260629T133423_idempotency_clean,T-Bank,REG-178,T-Bank Duyurular,,manual,False,True,manual_source,False,False,,,,,Manuel İzleme,Otomatik fetch yok.
final_readiness_20260629T133423_idempotency_clean,T-Bank,REG-179,T-Bank Haberler,,manual,False,True,manual_source,False,False,,,,,Manuel İzleme,Otomatik fetch yok.
final_readiness_20260629T133423_idempotency_clean,T-Bank,REG-180,T-Bank Nakit Krediler,,static_scrape,False,True,not_production_ready_mvp_active_false,False,False,,,,,Prod Dışı,MVP aktifleşmeden haftalık akışa alınmaz.
final_readiness_20260629T133423_idempotency_clean,T-Bank,REG-181,T-Bank Gayrinakdi Krediler,,static_scrape,False,True,not_production_ready_mvp_active_false,False,False,,,,,Prod Dışı,MVP aktifleşmeden haftalık akışa alınmaz.
final_readiness_20260629T133423_idempotency_clean,T-Bank,REG-182,T-Bank Nakit Yönetimi,,static_scrape,False,True,not_production_ready_mvp_active_false,False,False,,,,,Prod Dışı,MVP aktifleşmeden haftalık akışa alınmaz.
final_readiness_20260629T133423_idempotency_clean,T-Bank,REG-183,T-Bank Yatırım Ürünleri,,static_scrape,False,True,not_production_ready_mvp_active_false,False,False,,,,,Prod Dışı,MVP aktifleşmeden haftalık akışa alınmaz.
final_readiness_20260629T133423_idempotency_clean,T-Bank,REG-184,T-Bank Diğer Ticari Ürünler,,static_scrape,False,True,not_production_ready_mvp_active_false,False,False,,,,,Prod Dışı,MVP aktifleşmeden haftalık akışa alınmaz.
final_readiness_20260629T133423_idempotency_clean,TurkishBank,REG-185,TurkishBank Bizden Haberler,,manual,False,True,manual_source,False,False,,,,,Manuel İzleme,Otomatik fetch yok.
final_readiness_20260629T133423_idempotency_clean,TurkishBank,REG-186,TurkishBank İlişki Bankacılığı,,static_scrape,False,True,not_production_ready_mvp_active_false,False,False,,,,,Prod Dışı,MVP aktifleşmeden haftalık akışa alınmaz.
final_readiness_20260629T133423_idempotency_clean,TurkishBank,REG-187,TurkishBank Finansal Kurumlar,,static_scrape,False,True,not_production_ready_mvp_active_false,False,False,,,,,Prod Dışı,MVP aktifleşmeden haftalık akışa alınmaz.
final_readiness_20260629T133423_idempotency_clean,TurkishBank,REG-188,TurkishBank Teknoloji Bankacılığı,,static_scrape,False,True,not_production_ready_mvp_active_false,False,False,,,,,Prod Dışı,MVP aktifleşmeden haftalık akışa alınmaz.
final_readiness_20260629T133423_idempotency_clean,TurkishBank,REG-189,T-Gate,,manual,False,True,manual_source,False,False,,,,,Manuel İzleme,Otomatik fetch yok.
final_readiness_20260629T133423_idempotency_clean,Türk Ticaret Bankası,REG-190,Türk Ticaret Bankası Duyurular,,manual,False,True,manual_source,False,False,,,,,Manuel İzleme,Otomatik fetch yok.
final_readiness_20260629T133423_idempotency_clean,Türk Ticaret Bankası,REG-191,Türk Ticaret Bankası Haberler,,static_scrape,False,True,not_weekly_source_type,False,False,,,,,Atlanmış,
final_readiness_20260629T133423_idempotency_clean,Türk Ticaret Bankası,REG-192,Türk Ticaret Bankası Basın Bültenleri,,manual,False,True,manual_source,False,False,,,,,Manuel İzleme,Otomatik fetch yok.
final_readiness_20260629T133423_idempotency_clean,Türk Ticaret Bankası,REG-193,Türk Ticaret Bankası Bankamız,,static_scrape,False,True,not_production_ready_mvp_active_false,False,False,,,,,Prod Dışı,MVP aktifleşmeden haftalık akışa alınmaz.
final_readiness_20260629T133423_idempotency_clean,Türk Ticaret Bankası,REG-194,Türk Ticaret Bankası Dış Ticaret Finansmanı,,static_scrape,False,True,not_production_ready_mvp_active_false,False,False,,,,,Prod Dışı,MVP aktifleşmeden haftalık akışa alınmaz.
final_readiness_20260629T133423_idempotency_clean,Türk Ticaret Bankası,REG-195,Türk Ticaret Bankası İşletme Sermayesi Kredileri,,static_scrape,False,True,not_production_ready_mvp_active_false,False,False,,,,,Prod Dışı,MVP aktifleşmeden haftalık akışa alınmaz.
final_readiness_20260629T133423_idempotency_clean,Türk Ticaret Bankası,REG-196,Türk Ticaret Bankası Teminat Mektupları,,static_scrape,False,True,not_production_ready_mvp_active_false,False,False,,,,,Prod Dışı,MVP aktifleşmeden haftalık akışa alınmaz.
final_readiness_20260629T133423_idempotency_clean,Türk Ticaret Bankası,REG-197,Türk Ticaret Bankası Şubeler,,static_scrape,False,True,not_production_ready_mvp_active_false,False,False,,,,,Prod Dışı,MVP aktifleşmeden haftalık akışa alınmaz.
final_readiness_20260629T133423_idempotency_clean,TurkishBank,REG-198,TurkishBank Ticari / Kurumsal Bankacılık,,static_scrape,False,True,not_production_ready_mvp_active_false,False,False,,,,,Prod Dışı,MVP aktifleşmeden haftalık akışa alınmaz.
final_readiness_20260629T133423_idempotency_clean,Türk Ticaret Bankası,REG-199,Türk Ticaret Bankası Ürün ve Hizmet Ücretleri,,static_scrape,False,True,not_production_ready_mvp_active_false,False,False,,,,,Prod Dışı,MVP aktifleşmeden haftalık akışa alınmaz.
final_readiness_20260629T133423_idempotency_clean,Mastercard,REG-200,Mastercard Global Newsroom,blocked_source_watch,browser_required,False,True,browser_required_or_blocked,False,False,,,,,Erişim Engelli,Manuel resmi kanıt + recovery watch ile izleniyor.
final_readiness_20260629T133423_idempotency_clean,Mastercard,REG-222,Mastercard Digital Assets / Multi-Rail News,blocked_source_watch,browser_required,False,True,browser_required_or_blocked,False,False,,,,,Erişim Engelli,Manuel resmi kanıt + recovery watch ile izleniyor.
final_readiness_20260629T133423_idempotency_clean,Mastercard,REG-202,Mastercard Türkiye Official Site,blocked_source_watch,browser_required,False,True,browser_required_or_blocked,False,False,,,,,Erişim Engelli,Manuel resmi kanıt + recovery watch ile izleniyor.
final_readiness_20260629T133423_idempotency_clean,Mastercard,REG-203,Mastercard Business Overview,benchmark_monitoring,browser_required,False,True,browser_required_or_blocked,False,False,,,,,Atlanmış,
final_readiness_20260629T133423_idempotency_clean,Mastercard,REG-204,Mastercard Commercial Cards,benchmark_monitoring,browser_required,False,True,browser_required_or_blocked,False,False,,,,,Atlanmış,
final_readiness_20260629T133423_idempotency_clean,Mastercard,REG-205,Mastercard Small Business Solutions,benchmark_monitoring,browser_required,False,True,browser_required_or_blocked,False,False,,,,,Atlanmış,
final_readiness_20260629T133423_idempotency_clean,Mastercard,REG-206,Mastercard Virtual Cards,benchmark_monitoring,browser_required,False,True,browser_required_or_blocked,False,False,,,,,Atlanmış,
final_readiness_20260629T133423_idempotency_clean,Mastercard,REG-207,Mastercard Accounts Payable,benchmark_monitoring,browser_required,False,True,browser_required_or_blocked,False,False,,,,,Atlanmış,
final_readiness_20260629T133423_idempotency_clean,Mastercard,REG-208,Mastercard Accounts Receivable,benchmark_monitoring,browser_required,False,True,browser_required_or_blocked,False,False,,,,,Atlanmış,
final_readiness_20260629T133423_idempotency_clean,Mastercard,REG-209,Mastercard Cross-Border Services,benchmark_monitoring,browser_required,False,True,browser_required_or_blocked,False,False,,,,,Atlanmış,
final_readiness_20260629T133423_idempotency_clean,Mastercard,REG-211,Mastercard Click to Pay / Merchant Acceptance,blocked_source_watch,browser_required,False,True,browser_required_or_blocked,False,False,,,,,Erişim Engelli,Manuel resmi kanıt + recovery watch ile izleniyor.
final_readiness_20260629T133423_idempotency_clean,Mastercard,REG-216,Mastercard Agentic Commerce Advisory,benchmark_monitoring,static_scrape,False,True,benchmark_only,False,False,,,,,Atlanmış,
final_readiness_20260629T133423_idempotency_clean,Mastercard,REG-219,Mastercard Cybersecurity Services,benchmark_monitoring,browser_required,False,True,browser_required_or_blocked,False,False,,,,,Atlanmış,
final_readiness_20260629T133423_idempotency_clean,Mastercard,REG-220,Mastercard Open Finance Advisory,benchmark_monitoring,browser_required,False,True,browser_required_or_blocked,False,False,,,,,Atlanmış,
final_readiness_20260629T133423_idempotency_clean,Mastercard,REG-221,Mastercard Data and Analytics for Financial Institutions,benchmark_monitoring,static_scrape,False,True,benchmark_only,False,False,,,,,Atlanmış,
final_readiness_20260629T133423_idempotency_clean,Mastercard,REG-223,Mastercard Global Press,blocked_source_watch,browser_required,False,True,browser_required_or_blocked,False,False,,,,,Erişim Engelli,Manuel resmi kanıt + recovery watch ile izleniyor.
final_readiness_20260629T133423_idempotency_clean,Mastercard,REG-224,Mastercard Commercial Payments News,blocked_source_watch,browser_required,False,True,browser_required_or_blocked,False,False,,,,,Erişim Engelli,Manuel resmi kanıt + recovery watch ile izleniyor.
final_readiness_20260629T133423_idempotency_clean,Mastercard,REG-225,Mastercard Receivables Manager Search Surface,blocked_source_watch,browser_required,False,True,browser_required_or_blocked,False,False,,,,,Erişim Engelli,Manuel resmi kanıt + recovery watch ile izleniyor.
final_readiness_20260629T133423_idempotency_clean,Mastercard,REG-226,Mastercard Embedded Finance Search Surface,blocked_source_watch,browser_required,False,True,browser_required_or_blocked,False,False,,,,,Erişim Engelli,Manuel resmi kanıt + recovery watch ile izleniyor.
final_readiness_20260629T133423_idempotency_clean,Mastercard,REG-227,Mastercard Agent Pay Official News,blocked_source_watch,browser_required,False,True,browser_required_or_blocked,False,False,,,,,Erişim Engelli,Manuel resmi kanıt + recovery watch ile izleniyor.
final_readiness_20260629T133423_idempotency_clean,Mastercard,REG-228,Mastercard Tokenization / Network Credentials,blocked_source_watch,browser_required,False,True,browser_required_or_blocked,False,False,,,,,Erişim Engelli,Manuel resmi kanıt + recovery watch ile izleniyor.
final_readiness_20260629T133423_idempotency_clean,Mastercard,REG-229,Mastercard Identity Check / Authentication,blocked_source_watch,browser_required,False,True,browser_required_or_blocked,False,False,,,,,Erişim Engelli,Manuel resmi kanıt + recovery watch ile izleniyor.
final_readiness_20260629T133423_idempotency_clean,Mastercard,REG-230,Mastercard US Press Releases,blocked_source_watch,browser_required,False,True,inactive,False,False,,,,,Erişim Engelli,Manuel resmi kanıt + recovery watch ile izleniyor.
final_readiness_20260629T133423_idempotency_clean,Mastercard,REG-231,Mastercard Legacy Newsroom Press,historical_resolution,static_scrape,False,True,not_production_ready_mvp_active_false,False,False,,,,,Prod Dışı,MVP aktifleşmeden haftalık akışa alınmaz.
