discovered_from,listing_title,listing_date,item_url,final_url,canonical_url,article_title,publication_date,date_source,date_confidence,body_chars,named_partners,named_products,network_signal_type,network_layer,deployment_scope,content_role,strategic_priority_score,item_level_verified,publication_date_verified,body_verified,recent_item_eligible,claude_eligible,duplicate_status,rejection_reason,checked_at,taxonomy_status,taxonomy_confidence,taxonomy_method,dataset_role,production_recent_eligible
Mastercard Legacy Newsroom Landing; Mastercard Legacy Newsroom Press,OnePay and Synchrony to launch new industry-leading credit card program with Walmart; credit card to be powered by Mastercard and set to go live this fall,2025-06-09,https://newsroom.mastercard.com/news/press/2025/june/onepay-and-synchrony-to-launch-new-industry-leading-credit-card-program-with-walmart-credit-card-to-be-powered-by-mastercard-and-set-to-go-live-this-fall/,https://newsroom.mastercard.com/news/press/2025/june/onepay-and-synchrony-to-launch-new-industry-leading-credit-card-program-with-walmart-credit-card-to-be-powered-by-mastercard-and-set-to-go-live-this-fall/,https://www.mastercard.com/news/press/2025/june/onepay-and-synchrony-to-launch-new-industry-leading-credit-card-program-with-walmart-credit-card-to-be-powered-by-mastercard-and-set-to-go-live-this-fall/,OnePay and Synchrony to launch new industry-leading credit card program with Walmart; credit card to be powered by Mastercard and set to go live this fall,2025-06-09,publication_date,Yüksek,7495,OnePay; Synchrony,,,,,Tarihsel Bağlam,0,True,True,True,False,False,canonical_collapsed_legacy_modern,pre_cutoff,2026-06-29T07:42:22+00:00,Unclassified,Düşük,none,historical_resolution,False
Mastercard Legacy Newsroom Landing; Mastercard Legacy Newsroom Press,Mastercard and PayPal to partner on Mastercard One Credential to supercharge choice at checkout,2025-06-04,https://newsroom.mastercard.com/news/press/2025/june/mastercard-and-paypal-to-partner-on-mastercard-one-credential-to-supercharge-choice-at-checkout/,https://newsroom.mastercard.com/news/press/2025/june/mastercard-and-paypal-to-partner-on-mastercard-one-credential-to-supercharge-choice-at-checkout/,https://www.mastercard.com/news/press/2025/june/mastercard-and-paypal-to-partner-on-mastercard-one-credential-to-supercharge-choice-at-checkout/,Mastercard and PayPal to partner on Mastercard One Credential to supercharge choice at checkout,2025-06-04,publication_date,Yüksek,3814,PayPal,One Credential,Aktarılabilir Mastercard Kabiliyeti,Tokenizasyon,Global,Tarihsel Bağlam,0,True,True,True,False,False,canonical_collapsed_legacy_modern,pre_cutoff,2026-06-29T07:42:22+00:00,Provisional,Orta,deterministic_high_precision,historical_resolution,False
Mastercard Legacy Newsroom Landing; Mastercard Legacy Newsroom Press,"One year in, Mastercard’s checkout transformation gains ground across Europe",2025-06-03,https://newsroom.mastercard.com/news/press/2025/june/one-year-in-mastercard-s-checkout-transformation-gains-ground-across-europe-1/,https://newsroom.mastercard.com/news/press/2025/june/one-year-in-mastercard-s-checkout-transformation-gains-ground-across-europe-1/,https://www.mastercard.com/news/press/2025/june/one-year-in-mastercard-s-checkout-transformation-gains-ground-across-europe-1/,"One year in, Mastercard’s checkout transformation gains ground across Europe",2025-06-03,publication_date,Yüksek,4418,,Click to Pay,,,,Tarihsel Bağlam,0,True,True,True,False,False,canonical_collapsed_legacy_modern,pre_cutoff,2026-06-29T07:42:22+00:00,Unclassified,Düşük,none,historical_resolution,False
Mastercard Legacy Newsroom Press,"Mastercard unveils Small Business Navigator to empower U.S. entrepreneurs with smarter, safer growth",2025-05-29,https://newsroom.mastercard.com/news/press/2025/may/mastercard-unveils-small-business-navigator-to-empower-u-s-entrepreneurs-with-smarter-safer-growth/,https://newsroom.mastercard.com/news/press/2025/may/mastercard-unveils-small-business-navigator-to-empower-u-s-entrepreneurs-with-smarter-safer-growth/,https://www.mastercard.com/news/press/2025/may/mastercard-unveils-small-business-navigator-to-empower-u-s-entrepreneurs-with-smarter-safer-growth/,"Mastercard unveils Small Business Navigator to empower U.S. entrepreneurs with smarter, safer growth",2025-05-29,publication_date,Yüksek,5237,,,,,,Tarihsel Bağlam,0,True,True,True,False,False,canonical_unique,pre_cutoff,2026-06-29T07:42:22+00:00,Unclassified,Düşük,none,historical_resolution,False
Mastercard Legacy Newsroom Press,"Mastercard introduces Touch Card by Mastercard™ in Canada, a tactile notch feature designed to help empower the sight loss community",2025-05-28,https://newsroom.mastercard.com/news/press/2025/may/mastercard-introduces-touch-card-by-mastercard-in-canada-a-tactile-notch-feature-designed-to-help-empower-the-sight-loss-community/,https://newsroom.mastercard.com/news/press/2025/may/mastercard-introduces-touch-card-by-mastercard-in-canada-a-tactile-notch-feature-designed-to-help-empower-the-sight-loss-community/,https://www.mastercard.com/news/press/2025/may/mastercard-introduces-touch-card-by-mastercard-in-canada-a-tactile-notch-feature-designed-to-help-empower-the-sight-loss-community/,"Mastercard introduces Touch Card by Mastercard™ in Canada, a tactile notch feature designed to help empower the sight loss community",2025-05-28,publication_date,Yüksek,3945,,,,,,Tarihsel Bağlam,0,True,True,True,False,False,canonical_unique,pre_cutoff,2026-06-29T07:42:22+00:00,Unclassified,Düşük,none,historical_resolution,False
Mastercard Legacy Newsroom Press,Mastercard and MoonPay team up to mainstream stablecoin payments,2025-05-15,https://newsroom.mastercard.com/news/press/2025/may/mastercard-and-moonpay-team-up-to-mainstream-stablecoin-payments/,https://newsroom.mastercard.com/news/press/2025/may/mastercard-and-moonpay-team-up-to-mainstream-stablecoin-payments/,https://www.mastercard.com/news/press/2025/may/mastercard-and-moonpay-team-up-to-mainstream-stablecoin-payments/,Mastercard and MoonPay team up to mainstream stablecoin payments,2025-05-15,publication_date,Yüksek,4294,MoonPay,stablecoin,Aktarılabilir Mastercard Kabiliyeti,Dijital Varlıklar / Stablecoin,Global,Tarihsel Bağlam,0,True,True,True,False,False,canonical_unique,pre_cutoff,2026-06-29T07:42:22+00:00,Provisional,Orta,deterministic_high_precision,historical_resolution,False
Mastercard Legacy Newsroom Press,Mastercard Economics Institute: What moves us? The motivations behind global travel in 2025,2025-05-12,https://newsroom.mastercard.com/news/press/2025/may/mastercard-economics-institute-what-moves-us-the-motivations-behind-global-travel-in-2025/,https://newsroom.mastercard.com/news/press/2025/may/mastercard-economics-institute-what-moves-us-the-motivations-behind-global-travel-in-2025/,https://www.mastercard.com/news/press/2025/may/mastercard-economics-institute-what-moves-us-the-motivations-behind-global-travel-in-2025/,Mastercard Economics Institute: What moves us? The motivations behind global travel in 2025,2025-05-12,publication_date,Yüksek,6420,,,,,,Tarihsel Bağlam,0,True,True,True,False,False,canonical_unique,pre_cutoff,2026-06-29T07:42:22+00:00,Unclassified,Düşük,none,historical_resolution,False
Mastercard Legacy Newsroom Press,Nuvei offers Canadian businesses near instant payouts via Mastercard Move,2025-05-07,https://newsroom.mastercard.com/news/press/2025/may/nuvei-offers-canadian-businesses-near-instant-payouts-via-mastercard-move/,https://newsroom.mastercard.com/news/press/2025/may/nuvei-offers-canadian-businesses-near-instant-payouts-via-mastercard-move/,https://www.mastercard.com/news/press/2025/may/nuvei-offers-canadian-businesses-near-instant-payouts-via-mastercard-move/,Nuvei offers Canadian businesses near instant payouts via Mastercard Move,2025-05-07,publication_date,Yüksek,4197,,Mastercard Move,,,,Tarihsel Bağlam,0,True,True,True,False,False,canonical_unique,pre_cutoff,2026-06-29T07:42:22+00:00,Unclassified,Düşük,none,historical_resolution,False
Mastercard Legacy Newsroom Press,Mastercard Center for Inclusive Growth and Tamkeen partner to launch first Mastercard Strive Initiative in Bahrain and the Middle East,2025-05-04,https://newsroom.mastercard.com/news/press/2025/may/mastercard-center-for-inclusive-growth-and-tamkeen-partner-to-launch-first-mastercard-strive-initiative-in-bahrain-and-the-middle-east/,https://newsroom.mastercard.com/news/press/2025/may/mastercard-center-for-inclusive-growth-and-tamkeen-partner-to-launch-first-mastercard-strive-initiative-in-bahrain-and-the-middle-east/,https://www.mastercard.com/news/press/2025/may/mastercard-center-for-inclusive-growth-and-tamkeen-partner-to-launch-first-mastercard-strive-initiative-in-bahrain-and-the-middle-east/,Mastercard Center for Inclusive Growth and Tamkeen partner to launch first Mastercard Strive Initiative in Bahrain and the Middle East,2025-05-04,publication_date,Yüksek,4919,,,,,,Tarihsel Bağlam,0,True,True,True,False,False,canonical_unique,pre_cutoff,2026-06-29T07:42:22+00:00,Unclassified,Düşük,none,historical_resolution,False
Mastercard Legacy Newsroom Press,"CIBC launches CIBC Adapta™ Mastercard®, a credit card that automatically adapts to spending behaviour, rewarding cardholders more for everyday purchases",2025-05-01,https://newsroom.mastercard.com/news/press/2025/may/cibc-launches-cibc-adapta-mastercard-a-credit-card-that-automatically-adapts-to-spending-behavior-rewarding-cardholders-more-for-everyday-purchases/,https://newsroom.mastercard.com/news/press/2025/may/cibc-launches-cibc-adapta-mastercard-a-credit-card-that-automatically-adapts-to-spending-behavior-rewarding-cardholders-more-for-everyday-purchases/,https://www.mastercard.com/news/press/2025/may/cibc-launches-cibc-adapta-mastercard-a-credit-card-that-automatically-adapts-to-spending-behavior-rewarding-cardholders-more-for-everyday-purchases/,"CIBC launches CIBC Adapta™ Mastercard®, a credit card that automatically adapts to spending behaviour, rewarding cardholders more for everyday purchases",2025-05-01,publication_date,Yüksek,4240,,,,,,Tarihsel Bağlam,0,True,True,True,False,False,canonical_unique,pre_cutoff,2026-06-29T07:42:22+00:00,Unclassified,Düşük,none,historical_resolution,False
Direct positive test: Original Agent Pay launch; Mastercard Legacy Newsroom Press,"Mastercard unveils Agent Pay, pioneering agentic payments technology to power commerce in the age of AI",2025-04-29,https://newsroom.mastercard.com/news/press/2025/april/mastercard-unveils-agent-pay-pioneering-agentic-payments-technology-to-power-commerce-in-the-age-of-ai/,https://newsroom.mastercard.com/news/press/2025/april/mastercard-unveils-agent-pay-pioneering-agentic-payments-technology-to-power-commerce-in-the-age-of-ai/,https://www.mastercard.com/news/press/2025/april/mastercard-unveils-agent-pay-pioneering-agentic-payments-technology-to-power-commerce-in-the-age-of-ai/,"Mastercard unveils Agent Pay, pioneering agentic payments technology to power commerce in the age of AI",2025-04-29,publication_date,Yüksek,6501,,Agent Pay; One Credential,Aktarılabilir Mastercard Kabiliyeti,Tokenizasyon,Global,Tarihsel Bağlam,0,True,True,True,False,False,canonical_collapsed_legacy_modern,pre_cutoff,2026-06-29T07:42:22+00:00,Provisional,Orta,deterministic_high_precision,historical_resolution,False
Mastercard Legacy Newsroom Press,Mastercard and Corpay launch strategic partnership in cross-border payments,2025-04-29,https://newsroom.mastercard.com/news/press/2025/april/mastercard-and-corpay-launch-strategic-partnership-in-cross-border-payments/,https://newsroom.mastercard.com/news/press/2025/april/mastercard-and-corpay-launch-strategic-partnership-in-cross-border-payments/,https://www.mastercard.com/news/press/2025/april/mastercard-and-corpay-launch-strategic-partnership-in-cross-border-payments/,Mastercard and Corpay launch strategic partnership in cross-border payments,2025-04-29,publication_date,Yüksek,4504,Corpay,Mastercard Move; commercial card; virtual card,,,,Tarihsel Bağlam,0,True,True,True,False,False,canonical_unique,pre_cutoff,2026-06-29T07:42:22+00:00,Unclassified,Düşük,none,historical_resolution,False
Mastercard Legacy Newsroom Press,Mastercard unveils end-to-end capabilities to power stablecoin transactions – from wallets to checkouts,2025-04-28,https://newsroom.mastercard.com/news/press/2025/april/mastercard-unveils-end-to-end-capabilities-to-power-stablecoin-transactions-from-wallets-to-checkouts/,https://newsroom.mastercard.com/news/press/2025/april/mastercard-unveils-end-to-end-capabilities-to-power-stablecoin-transactions-from-wallets-to-checkouts/,https://www.mastercard.com/news/press/2025/april/mastercard-unveils-end-to-end-capabilities-to-power-stablecoin-transactions-from-wallets-to-checkouts/,Mastercard unveils end-to-end capabilities to power stablecoin transactions – from wallets to checkouts,2025-04-28,publication_date,Yüksek,6742,,Mastercard Move; stablecoin,Aktarılabilir Mastercard Kabiliyeti,Dijital Varlıklar / Stablecoin,Global,Tarihsel Bağlam,0,True,True,True,False,False,canonical_unique,pre_cutoff,2026-06-29T07:42:22+00:00,Provisional,Orta,deterministic_high_precision,historical_resolution,False
Mastercard Legacy Newsroom Press,Mastercard elevates Sam’s Club Sam’s Cash Bonus Offer Program with personalization and rewards,2025-04-28,https://newsroom.mastercard.com/news/press/2025/april/mastercard-elevates-sam-s-club-sam-s-cash-bonus-offer-program-with-personalization-and-rewards/,https://newsroom.mastercard.com/news/press/2025/april/mastercard-elevates-sam-s-club-sam-s-cash-bonus-offer-program-with-personalization-and-rewards/,https://www.mastercard.com/news/press/2025/april/mastercard-elevates-sam-s-club-sam-s-cash-bonus-offer-program-with-personalization-and-rewards/,Mastercard elevates Sam’s Club Sam’s Cash Bonus Offer Program with personalization and rewards,2025-04-28,publication_date,Yüksek,3116,,,,,,Tarihsel Bağlam,0,True,True,True,False,False,canonical_unique,pre_cutoff,2026-06-29T07:42:22+00:00,Unclassified,Düşük,none,historical_resolution,False
Mastercard Legacy Newsroom Press,Update regarding Mastercard’s Chief Financial Officer,2025-04-10,https://newsroom.mastercard.com/news/press/2025/april/update-regarding-mastercard-s-chief-financial-officer/,https://newsroom.mastercard.com/news/press/2025/april/update-regarding-mastercard-s-chief-financial-officer/,https://www.mastercard.com/news/press/2025/april/update-regarding-mastercard-s-chief-financial-officer/,Update regarding Mastercard’s Chief Financial Officer,2025-04-10,publication_date,Yüksek,2018,,,,,,Tarihsel Bağlam,0,True,True,True,False,False,canonical_unique,pre_cutoff,2026-06-29T07:42:22+00:00,Unclassified,Düşük,none,historical_resolution,False
Mastercard Legacy Newsroom Press,MoneyGram and Mastercard collaborate to advance digital money movement,2025-04-02,https://newsroom.mastercard.com/news/press/2025/april/moneygram-and-mastercard-collaborate-to-advance-digital-money-movement/,https://newsroom.mastercard.com/news/press/2025/april/moneygram-and-mastercard-collaborate-to-advance-digital-money-movement/,https://www.mastercard.com/news/press/2025/april/moneygram-and-mastercard-collaborate-to-advance-digital-money-movement/,MoneyGram and Mastercard collaborate to advance digital money movement,2025-04-02,publication_date,Yüksek,5209,,Mastercard Move,,,,Tarihsel Bağlam,0,True,True,True,False,False,canonical_unique,pre_cutoff,2026-06-29T07:42:22+00:00,Unclassified,Düşük,none,historical_resolution,False
Mastercard Legacy Newsroom Press,Mastercard is modernizing commercial payments with embedded virtual card technology,2025-03-31,https://newsroom.mastercard.com/news/press/2025/march/mastercard-is-modernizing-commercial-payments-with-embedded-virtual-card-technology/,https://newsroom.mastercard.com/news/press/2025/march/mastercard-is-modernizing-commercial-payments-with-embedded-virtual-card-technology/,https://www.mastercard.com/news/press/2025/march/mastercard-is-modernizing-commercial-payments-with-embedded-virtual-card-technology/,Mastercard is modernizing commercial payments with embedded virtual card technology,2025-03-31,publication_date,Yüksek,4749,,virtual card,,,,Tarihsel Bağlam,0,True,True,True,False,False,canonical_unique,pre_cutoff,2026-06-29T07:42:22+00:00,Unclassified,Düşük,none,historical_resolution,False
Mastercard Legacy Newsroom Press,ICBA Payments and Mastercard partner to upgrade customer payment experiences for community banks,2025-03-17,https://newsroom.mastercard.com/news/press/2025/march/icba-payments-and-mastercard-partner-to-upgrade-customer-payment-experiences-for-community-banks/,https://newsroom.mastercard.com/news/press/2025/march/icba-payments-and-mastercard-partner-to-upgrade-customer-payment-experiences-for-community-banks/,https://www.mastercard.com/news/press/2025/march/icba-payments-and-mastercard-partner-to-upgrade-customer-payment-experiences-for-community-banks/,ICBA Payments and Mastercard partner to upgrade customer payment experiences for community banks,2025-03-17,publication_date,Yüksek,3704,,,,,,Tarihsel Bağlam,0,True,True,True,False,False,canonical_unique,pre_cutoff,2026-06-29T07:42:22+00:00,Unclassified,Düşük,none,historical_resolution,False
Mastercard Legacy Newsroom Press,"Richard R. Verma rejoins Mastercard to oversee Law, Government Affairs & Policy and Franchise, Tim Murphy named vice chair",2025-02-26,https://newsroom.mastercard.com/news/press/2025/february/richard-r-verma-rejoins-mastercard-to-oversee-law-government-affairs-policy-and-franchise-tim-murphy-named-vice-chair/,https://newsroom.mastercard.com/news/press/2025/february/richard-r-verma-rejoins-mastercard-to-oversee-law-government-affairs-policy-and-franchise-tim-murphy-named-vice-chair/,https://www.mastercard.com/news/press/2025/february/richard-r-verma-rejoins-mastercard-to-oversee-law-government-affairs-policy-and-franchise-tim-murphy-named-vice-chair/,"Richard R. Verma rejoins Mastercard to oversee Law, Government Affairs & Policy and Franchise, Tim Murphy named vice chair",2025-02-26,publication_date,Yüksek,3240,,,,,,Tarihsel Bağlam,0,True,True,True,False,False,canonical_unique,pre_cutoff,2026-06-29T07:42:22+00:00,Unclassified,Düşük,none,historical_resolution,False
Mastercard Legacy Newsroom Press,"Mastercard names Erin Elofson as division president, Canada",2025-02-26,https://newsroom.mastercard.com/news/press/2025/february/mastercard-names-erin-elofson-as-division-president-canada/,https://newsroom.mastercard.com/news/press/2025/february/mastercard-names-erin-elofson-as-division-president-canada/,https://www.mastercard.com/news/press/2025/february/mastercard-names-erin-elofson-as-division-president-canada/,"Mastercard names Erin Elofson as division president, Canada",2025-02-26,publication_date,Yüksek,2469,,,,,,Tarihsel Bağlam,0,True,True,True,False,False,canonical_unique,pre_cutoff,2026-06-29T07:42:22+00:00,Unclassified,Düşük,none,historical_resolution,False
Mastercard Legacy Newsroom Press,New Mastercard Research: Consumers in Canada worry about the impact of fraud on financial health,2025-02-24,https://newsroom.mastercard.com/news/press/2025/february/new-mastercard-research-consumers-in-canada-worry-about-the-impact-of-fraud-on-financial-health/,https://newsroom.mastercard.com/news/press/2025/february/new-mastercard-research-consumers-in-canada-worry-about-the-impact-of-fraud-on-financial-health/,https://www.mastercard.com/news/press/2025/february/new-mastercard-research-consumers-in-canada-worry-about-the-impact-of-fraud-on-financial-health/,New Mastercard Research: Consumers in Canada worry about the impact of fraud on financial health,2025-02-24,publication_date,Yüksek,5944,,,Aktarılabilir Mastercard Kabiliyeti,Fraud ve Siber Güvenlik,Global,Tarihsel Bağlam,0,True,True,True,False,False,canonical_unique,pre_cutoff,2026-06-29T07:42:22+00:00,Provisional,Orta,deterministic_high_precision,historical_resolution,False
Mastercard Legacy Newsroom Press,Mastercard Business Builder program fuels Creator growth,2025-02-20,https://newsroom.mastercard.com/news/press/2025/february/mastercard-business-builder-program-fuels-creator-growth/,https://newsroom.mastercard.com/news/press/2025/february/mastercard-business-builder-program-fuels-creator-growth/,https://www.mastercard.com/news/press/2025/february/mastercard-business-builder-program-fuels-creator-growth/,Mastercard Business Builder program fuels Creator growth,2025-02-20,publication_date,Yüksek,7769,,,,,,Tarihsel Bağlam,0,True,True,True,False,False,canonical_unique,pre_cutoff,2026-06-29T07:42:22+00:00,Unclassified,Düşük,none,historical_resolution,False
Mastercard Legacy Newsroom Press,Mastercard appoints Janet George as executive vice president of artificial intelligence,2025-02-19,https://newsroom.mastercard.com/news/press/2025/february/mastercard-appoints-janet-george-as-executive-vice-president-of-artificial-intelligence/,https://newsroom.mastercard.com/news/press/2025/february/mastercard-appoints-janet-george-as-executive-vice-president-of-artificial-intelligence/,https://www.mastercard.com/news/press/2025/february/mastercard-appoints-janet-george-as-executive-vice-president-of-artificial-intelligence/,Mastercard appoints Janet George as executive vice president of artificial intelligence,2025-02-19,publication_date,Yüksek,1800,,,,,,Tarihsel Bağlam,0,True,True,True,False,False,canonical_unique,pre_cutoff,2026-06-29T07:42:22+00:00,Unclassified,Düşük,none,historical_resolution,False
Mastercard Legacy Newsroom Press,Consumers demand more choice and control over how they check out,2025-02-19,https://newsroom.mastercard.com/news/press/2025/february/consumers-demand-more-choice-and-control-over-how-they-check-out/,https://newsroom.mastercard.com/news/press/2025/february/consumers-demand-more-choice-and-control-over-how-they-check-out/,https://www.mastercard.com/news/press/2025/february/consumers-demand-more-choice-and-control-over-how-they-check-out/,Consumers demand more choice and control over how they check out,2025-02-19,publication_date,Yüksek,9591,TIPS,One Credential; TIPS,Aktarılabilir Mastercard Kabiliyeti,Tokenizasyon,Global,Tarihsel Bağlam,0,True,True,True,False,False,canonical_unique,pre_cutoff,2026-06-29T07:42:22+00:00,Provisional,Orta,deterministic_high_precision,historical_resolution,False
Mastercard Legacy Newsroom Press,Mastercard launches new product innovation to address unmet needs of the middle market,2025-02-18,https://newsroom.mastercard.com/news/press/2025/february/mastercard-launches-new-product-innovation-to-address-unmet-needs-of-the-middle-market/,https://newsroom.mastercard.com/news/press/2025/february/mastercard-launches-new-product-innovation-to-address-unmet-needs-of-the-middle-market/,https://www.mastercard.com/news/press/2025/february/mastercard-launches-new-product-innovation-to-address-unmet-needs-of-the-middle-market/,Mastercard launches new product innovation to address unmet needs of the middle market,2025-02-18,publication_date,Yüksek,5928,,commercial card; virtual card,,,,Tarihsel Bağlam,0,True,True,True,False,False,canonical_unique,pre_cutoff,2026-06-29T07:42:22+00:00,Unclassified,Düşük,none,historical_resolution,False
Mastercard Legacy Newsroom Press,Mastercard and Feedzai join forces to protect more consumers and businesses from scams,2025-02-18,https://newsroom.mastercard.com/news/press/2025/february/mastercard-and-feedzai-join-forces-to-protect-more-consumers-and-businesses-from-scams/,https://newsroom.mastercard.com/news/press/2025/february/mastercard-and-feedzai-join-forces-to-protect-more-consumers-and-businesses-from-scams/,https://www.mastercard.com/news/press/2025/february/mastercard-and-feedzai-join-forces-to-protect-more-consumers-and-businesses-from-scams/,Mastercard and Feedzai join forces to protect more consumers and businesses from scams,2025-02-18,publication_date,Yüksek,4816,,,,,,Tarihsel Bağlam,0,True,True,True,False,False,canonical_unique,pre_cutoff,2026-06-29T07:42:22+00:00,Unclassified,Düşük,none,historical_resolution,False
Mastercard Legacy Newsroom Press,Mastercard supports Canadian small businesses with new funding: Meet the recipients of the Mastercard x Pier Five Small Business Fund,2025-02-05,https://newsroom.mastercard.com/news/press/2025/february/mastercard-supports-canadian-small-businesses-with-new-funding-meet-the-recipients-of-the-mastercard-x-pier-five-small-business-fund/,https://newsroom.mastercard.com/news/press/2025/february/mastercard-supports-canadian-small-businesses-with-new-funding-meet-the-recipients-of-the-mastercard-x-pier-five-small-business-fund/,https://www.mastercard.com/news/press/2025/february/mastercard-supports-canadian-small-businesses-with-new-funding-meet-the-recipients-of-the-mastercard-x-pier-five-small-business-fund/,Mastercard supports Canadian small businesses with new funding: Meet the recipients of the Mastercard x Pier Five Small Business Fund,2025-02-05,publication_date,Yüksek,6714,,,,,,Tarihsel Bağlam,0,True,True,True,False,False,canonical_unique,pre_cutoff,2026-06-29T07:42:22+00:00,Unclassified,Düşük,none,historical_resolution,False
Mastercard Legacy Newsroom Press,"Mastercard and Lady Gaga team up to debut 'Abracadabra' music video, celebrating fans with Priceless Experiences",2025-02-03,https://newsroom.mastercard.com/news/press/2025/february/mastercard-and-lady-gaga-team-up-to-debut-abracadabra-music-video-celebrating-fans-with-priceless-experiences/,https://newsroom.mastercard.com/news/press/2025/february/mastercard-and-lady-gaga-team-up-to-debut-abracadabra-music-video-celebrating-fans-with-priceless-experiences/,https://www.mastercard.com/news/press/2025/february/mastercard-and-lady-gaga-team-up-to-debut-abracadabra-music-video-celebrating-fans-with-priceless-experiences/,"Mastercard and Lady Gaga team up to debut 'Abracadabra' music video, celebrating fans with Priceless Experiences",2025-02-03,publication_date,Yüksek,4553,,,,,,Tarihsel Bağlam,0,True,True,True,False,False,canonical_unique,pre_cutoff,2026-06-29T07:42:22+00:00,Unclassified,Düşük,none,historical_resolution,False
Mastercard Legacy Newsroom Press,"Porter Airlines, BMO and Mastercard accelerate Canadians’ travel rewards journey with new credit card program",2025-01-29,https://newsroom.mastercard.com/news/press/2025/january/porter-airlines-bmo-and-mastercard-accelerate-canadians-travel-rewards-journey-with-new-credit-card-program/,https://newsroom.mastercard.com/news/press/2025/january/porter-airlines-bmo-and-mastercard-accelerate-canadians-travel-rewards-journey-with-new-credit-card-program/,https://www.mastercard.com/news/press/2025/january/porter-airlines-bmo-and-mastercard-accelerate-canadians-travel-rewards-journey-with-new-credit-card-program/,"Porter Airlines, BMO and Mastercard accelerate Canadians’ travel rewards journey with new credit card program",2025-01-29,publication_date,Yüksek,5850,,,,,,Tarihsel Bağlam,0,True,True,True,False,False,canonical_unique,pre_cutoff,2026-06-29T07:42:22+00:00,Unclassified,Düşük,none,historical_resolution,False
Mastercard Legacy Newsroom Press,Mastercard partners with Northeastern University to advance cybersecurity innovation and strengthen Canada’s diverse tech workforce,2025-01-15,https://newsroom.mastercard.com/news/press/2025/january/mastercard-partners-with-northeastern-university-to-advance-cybersecurity-innovation-and-strengthen-canada-s-diverse-tech-workforce/,https://newsroom.mastercard.com/news/press/2025/january/mastercard-partners-with-northeastern-university-to-advance-cybersecurity-innovation-and-strengthen-canada-s-diverse-tech-workforce/,https://www.mastercard.com/news/press/2025/january/mastercard-partners-with-northeastern-university-to-advance-cybersecurity-innovation-and-strengthen-canada-s-diverse-tech-workforce/,Mastercard partners with Northeastern University to advance cybersecurity innovation and strengthen Canada’s diverse tech workforce,2025-01-15,publication_date,Yüksek,4221,,,Aktarılabilir Mastercard Kabiliyeti,Fraud ve Siber Güvenlik,Global,Tarihsel Bağlam,0,True,True,True,False,False,canonical_unique,pre_cutoff,2026-06-29T07:42:22+00:00,Provisional,Orta,deterministic_high_precision,historical_resolution,False
Mastercard Legacy Newsroom Press,"Mastercard SpendingPulse: Total U.S. retail sales grew 3.8%* this holiday season; Online remained choice for consumers, increasing 6.7% YOY",2024-12-26,https://newsroom.mastercard.com/news/press/2024/december/mastercard-spendingpulse-total-u-s-retail-sales-grew-3-8-this-holiday-season-online-remained-choice-for-consumers-increasing-6-7-yoy/,https://newsroom.mastercard.com/news/press/2024/december/mastercard-spendingpulse-total-u-s-retail-sales-grew-3-8-this-holiday-season-online-remained-choice-for-consumers-increasing-6-7-yoy/,https://www.mastercard.com/news/press/2024/december/mastercard-spendingpulse-total-u-s-retail-sales-grew-3-8-this-holiday-season-online-remained-choice-for-consumers-increasing-6-7-yoy/,"Mastercard SpendingPulse: Total U.S. retail sales grew 3.8%* this holiday season; online remained choice for consumers, increasing 6.7% YOY",2024-12-26,publication_date,Yüksek,4371,,,,,,Tarihsel Bağlam,0,True,True,True,False,False,canonical_unique,pre_cutoff,2026-06-29T07:42:22+00:00,Unclassified,Düşük,none,historical_resolution,False
Mastercard Legacy Newsroom Press,Mastercard finalizes acquisition of Recorded Future,2024-12-20,https://newsroom.mastercard.com/news/press/2024/december/mastercard-finalizes-acquisition-of-recorded-future/,https://newsroom.mastercard.com/news/press/2024/december/mastercard-finalizes-acquisition-of-recorded-future/,https://www.mastercard.com/news/press/2024/december/mastercard-finalizes-acquisition-of-recorded-future/,Mastercard finalizes acquisition of Recorded Future,2024-12-20,publication_date,Yüksek,2183,,,,,,Tarihsel Bağlam,0,True,True,True,False,False,canonical_unique,pre_cutoff,2026-06-29T07:42:22+00:00,Unclassified,Düşük,none,historical_resolution,False
Mastercard Legacy Newsroom Press,Mastercard Center for Inclusive Growth and data.org announce AI2AI Challenge awardees,2024-12-05,https://newsroom.mastercard.com/news/press/2024/december/mastercard-center-for-inclusive-growth-and-data-org-announce-ai2ai-challenge-awardees/,https://newsroom.mastercard.com/news/press/2024/december/mastercard-center-for-inclusive-growth-and-data-org-announce-ai2ai-challenge-awardees/,https://www.mastercard.com/news/press/2024/december/mastercard-center-for-inclusive-growth-and-data-org-announce-ai2ai-challenge-awardees/,Mastercard Center for Inclusive Growth and data.org announce AI2AI Challenge awardees,2024-12-05,publication_date,Yüksek,7675,,,,,,Tarihsel Bağlam,0,True,True,True,False,False,canonical_unique,pre_cutoff,2026-06-29T07:42:22+00:00,Unclassified,Düşük,none,historical_resolution,False
Mastercard Legacy Newsroom Press,TD helps its MBNA cardholders support funding reforestation efforts in Canada through the Priceless Planet Coalition,2024-12-03,https://newsroom.mastercard.com/news/press/2024/december/td-helps-its-mbna-cardholders-support-funding-reforestation-efforts-in-canada-through-the-priceless-planet-coalition/,https://newsroom.mastercard.com/news/press/2024/december/td-helps-its-mbna-cardholders-support-funding-reforestation-efforts-in-canada-through-the-priceless-planet-coalition/,https://www.mastercard.com/news/press/2024/december/td-helps-its-mbna-cardholders-support-funding-reforestation-efforts-in-canada-through-the-priceless-planet-coalition/,TD helps its MBNA cardholders support funding reforestation efforts in Canada through the Priceless Planet Coalition,2024-12-03,publication_date,Yüksek,5455,,,,,,Tarihsel Bağlam,0,True,True,True,False,False,canonical_unique,pre_cutoff,2026-06-29T07:42:22+00:00,Unclassified,Düşük,none,historical_resolution,False
Mastercard Legacy Newsroom Press,Mastercard SpendingPulse: U.S. Black Friday retail sales up +3.4% vs. last year,2024-11-30,https://newsroom.mastercard.com/news/press/2024/november/mastercard-spendingpulse-us-black-friday-retail-sales-up-3-4-vs-last-year/,https://newsroom.mastercard.com/news/press/2024/november/mastercard-spendingpulse-us-black-friday-retail-sales-up-3-4-vs-last-year/,https://www.mastercard.com/news/press/2024/november/mastercard-spendingpulse-us-black-friday-retail-sales-up-3-4-vs-last-year/,Mastercard SpendingPulse: U.S. Black Friday retail sales up +3.4% vs. last year,2024-11-30,publication_date,Yüksek,4261,,,,,,Tarihsel Bağlam,0,True,True,True,False,False,canonical_unique,pre_cutoff,2026-06-29T07:42:22+00:00,Unclassified,Düşük,none,historical_resolution,False
Mastercard Legacy Newsroom Press,Mastercard empowers small businesses with magical shopping experience,2024-11-25,https://newsroom.mastercard.com/news/press/2024/november/mastercard-empowers-small-businesses-with-magical-shopping-experience/,https://newsroom.mastercard.com/news/press/2024/november/mastercard-empowers-small-businesses-with-magical-shopping-experience/,https://www.mastercard.com/news/press/2024/november/mastercard-empowers-small-businesses-with-magical-shopping-experience/,Mastercard empowers small businesses with magical shopping experience,2024-11-25,publication_date,Yüksek,5097,,,,,,Tarihsel Bağlam,0,True,True,True,False,False,canonical_unique,pre_cutoff,2026-06-29T07:42:22+00:00,Unclassified,Düşük,none,historical_resolution,False
Mastercard Legacy Newsroom Press,Mastercard’s MTN connects to J.P. Morgan’s Kinexys Digital Payments for settlement,2024-11-21,https://newsroom.mastercard.com/news/press/2024/november/mastercard-s-mtn-connects-to-j-p-morgan-s-kinexys-digital-payments-for-settlement/,https://newsroom.mastercard.com/news/press/2024/november/mastercard-s-mtn-connects-to-j-p-morgan-s-kinexys-digital-payments-for-settlement/,https://www.mastercard.com/news/press/2024/november/mastercard-s-mtn-connects-to-j-p-morgan-s-kinexys-digital-payments-for-settlement/,Mastercard’s MTN connects to J.P. Morgan’s Kinexys Digital Payments for settlement,2024-11-21,publication_date,Yüksek,2849,,,,,,Tarihsel Bağlam,0,True,True,True,False,False,canonical_unique,pre_cutoff,2026-06-29T07:42:22+00:00,Unclassified,Düşük,none,historical_resolution,False
Mastercard Legacy Newsroom Press,Unwrapping 2024 Canadian holiday shopping trends,2024-11-20,https://newsroom.mastercard.com/news/press/2024/november/unwrapping-2024-canadian-holiday-shopping-trends/,https://newsroom.mastercard.com/news/press/2024/november/unwrapping-2024-canadian-holiday-shopping-trends/,https://www.mastercard.com/news/press/2024/november/unwrapping-2024-canadian-holiday-shopping-trends/,Unwrapping 2024 Canadian holiday shopping trends,2024-11-20,publication_date,Yüksek,4290,,,,,,Tarihsel Bağlam,0,True,True,True,False,False,canonical_unique,pre_cutoff,2026-06-29T07:42:22+00:00,Unclassified,Düşük,none,historical_resolution,False
Mastercard Legacy Newsroom Press,Mastercard extends live music footprint with new U.S. benefits for cardholders,2024-11-14,https://newsroom.mastercard.com/news/press/2024/november/mastercard-extends-live-music-footprint-with-new-u-s-benefits-for-cardholders/,https://newsroom.mastercard.com/news/press/2024/november/mastercard-extends-live-music-footprint-with-new-u-s-benefits-for-cardholders/,https://www.mastercard.com/news/press/2024/november/mastercard-extends-live-music-footprint-with-new-u-s-benefits-for-cardholders/,Mastercard extends live music footprint with new U.S. benefits for cardholders,2024-11-14,publication_date,Yüksek,2804,,,,,,Tarihsel Bağlam,0,True,True,True,False,False,canonical_unique,pre_cutoff,2026-06-29T07:42:22+00:00,Unclassified,Düşük,none,historical_resolution,False
Mastercard Legacy Newsroom Press,Mastercard reinvents checkout with password and number free payments,2024-11-13,https://newsroom.mastercard.com/news/press/2024/november/mastercard-reinvents-checkout-with-password-and-number-free-payments/,https://newsroom.mastercard.com/news/press/2024/november/mastercard-reinvents-checkout-with-password-and-number-free-payments/,https://www.mastercard.com/news/press/2024/november/mastercard-reinvents-checkout-with-password-and-number-free-payments/,Mastercard reinvents checkout with password and number free payments,2024-11-13,publication_date,Yüksek,5343,,Click to Pay,,,,Tarihsel Bağlam,0,True,True,True,False,False,canonical_unique,pre_cutoff,2026-06-29T07:42:22+00:00,Unclassified,Düşük,none,historical_resolution,False
Mastercard Legacy Newsroom Press,Mastercard to supercharge small business operations through new innovative platform,2024-11-12,https://newsroom.mastercard.com/news/press/2024/november/mastercard-to-supercharge-small-business-operations-through-new-innovative-platform/,https://newsroom.mastercard.com/news/press/2024/november/mastercard-to-supercharge-small-business-operations-through-new-innovative-platform/,https://www.mastercard.com/news/press/2024/november/mastercard-to-supercharge-small-business-operations-through-new-innovative-platform/,Mastercard to supercharge small business operations through new innovative platform,2024-11-12,publication_date,Yüksek,6209,,,,,,Tarihsel Bağlam,0,True,True,True,False,False,canonical_unique,pre_cutoff,2026-06-29T07:42:22+00:00,Unclassified,Düşük,none,historical_resolution,False
Mastercard Legacy Newsroom Press,TheFork and Mastercard join forces to enhance culinary experiences for cardholders,2024-11-06,https://newsroom.mastercard.com/news/press/2024/november/thefork-and-mastercard-join-forces-to-enhance-culinary-experiences-for-cardholders/,https://newsroom.mastercard.com/news/press/2024/november/thefork-and-mastercard-join-forces-to-enhance-culinary-experiences-for-cardholders/,https://www.mastercard.com/news/press/2024/november/thefork-and-mastercard-join-forces-to-enhance-culinary-experiences-for-cardholders/,TheFork and Mastercard join forces to enhance culinary experiences for cardholders,2024-11-06,publication_date,Yüksek,5033,,,,,,Tarihsel Bağlam,0,True,True,True,False,False,canonical_unique,pre_cutoff,2026-06-29T07:42:22+00:00,Unclassified,Düşük,none,historical_resolution,False
Mastercard Legacy Newsroom Press,"Mastercard joins Buna, the Arab Regional Payment System",2024-11-06,https://newsroom.mastercard.com/news/press/2024/november/mastercard-joins-buna-the-arab-regional-payment-system/,https://newsroom.mastercard.com/news/press/2024/november/mastercard-joins-buna-the-arab-regional-payment-system/,https://www.mastercard.com/news/press/2024/november/mastercard-joins-buna-the-arab-regional-payment-system/,"Mastercard joins Buna, the Arab Regional Payment System",2024-11-06,publication_date,Yüksek,5530,,Mastercard Move,,,,Tarihsel Bağlam,0,True,True,True,False,False,canonical_unique,pre_cutoff,2026-06-29T07:42:22+00:00,Unclassified,Düşük,none,historical_resolution,False
Mastercard Legacy Newsroom Press,Mastercard launches Pay Local to empower digital wallet providers with new ways to pay,2024-11-05,https://newsroom.mastercard.com/news/press/2024/november/mastercard-launches-pay-local-to-empower-digital-wallet-providers-with-new-ways-to-pay/,https://newsroom.mastercard.com/news/press/2024/november/mastercard-launches-pay-local-to-empower-digital-wallet-providers-with-new-ways-to-pay/,https://www.mastercard.com/news/press/2024/november/mastercard-launches-pay-local-to-empower-digital-wallet-providers-with-new-ways-to-pay/,Mastercard launches Pay Local to empower digital wallet providers with new ways to pay,2024-11-05,publication_date,Yüksek,5228,,,,,,Tarihsel Bağlam,0,True,True,True,False,False,canonical_unique,pre_cutoff,2026-06-29T07:42:22+00:00,Unclassified,Düşük,none,historical_resolution,False
Mastercard Legacy Newsroom Press,Mastercard launches new gen AI digital assistant capabilities to enhance customer value,2024-10-29,https://newsroom.mastercard.com/news/press/2024/october/mastercard-launches-new-gen-ai-digital-assistant-capabilities-to-enhance-customer-value/,https://newsroom.mastercard.com/news/press/2024/october/mastercard-launches-new-gen-ai-digital-assistant-capabilities-to-enhance-customer-value/,https://www.mastercard.com/news/press/2024/october/mastercard-launches-new-gen-ai-digital-assistant-capabilities-to-enhance-customer-value/,Mastercard launches new gen AI digital assistant capabilities to enhance customer value,2024-10-29,publication_date,Yüksek,3121,,,,,,Tarihsel Bağlam,0,True,True,True,False,False,canonical_unique,pre_cutoff,2026-06-29T07:42:22+00:00,Unclassified,Düşük,none,historical_resolution,False
Mastercard Legacy Newsroom Press,Mastercard unveils Bill Qkr to streamline and enhance the way bills are paid,2024-10-28,https://newsroom.mastercard.com/news/press/2024/october/mastercard-unveils-bill-qkr-to-streamline-and-enhance-the-way-bills-are-paid/,https://newsroom.mastercard.com/news/press/2024/october/mastercard-unveils-bill-qkr-to-streamline-and-enhance-the-way-bills-are-paid/,https://www.mastercard.com/news/press/2024/october/mastercard-unveils-bill-qkr-to-streamline-and-enhance-the-way-bills-are-paid/,Mastercard unveils Bill Qkr to streamline and enhance the way bills are paid,2024-10-28,publication_date,Yüksek,7881,,Click to Pay,,,,Tarihsel Bağlam,0,True,True,True,False,False,canonical_unique,pre_cutoff,2026-06-29T07:42:22+00:00,Unclassified,Düşük,none,historical_resolution,False
Mastercard Legacy Newsroom Press,Mastercard is expanding its US Installments Program to provide more payment flexibility at checkout,2024-10-25,https://newsroom.mastercard.com/news/press/2024/october/mastercard-is-expanding-its-us-installments-program-to-provide-more-payment-flexibility-at-checkout/,https://newsroom.mastercard.com/news/press/2024/october/mastercard-is-expanding-its-us-installments-program-to-provide-more-payment-flexibility-at-checkout/,https://www.mastercard.com/news/press/2024/october/mastercard-is-expanding-its-us-installments-program-to-provide-more-payment-flexibility-at-checkout/,Mastercard is expanding its US Installments Program to provide more payment flexibility at checkout,2024-10-25,publication_date,Yüksek,5435,,,,,,Tarihsel Bağlam,0,True,True,True,False,False,canonical_unique,pre_cutoff,2026-06-29T07:42:22+00:00,Unclassified,Düşük,none,historical_resolution,False
Mastercard Legacy Newsroom Press,Mastercard expands Product Express platform to help fintechs accelerate the launch of new card programs and other payment solutions,2024-10-24,https://newsroom.mastercard.com/news/press/2024/october/mastercard-expands-product-express-platform-to-help-fintechs-accelerate-the-launch-of-new-card-programs-and-other-payment-solutions/,https://newsroom.mastercard.com/news/press/2024/october/mastercard-expands-product-express-platform-to-help-fintechs-accelerate-the-launch-of-new-card-programs-and-other-payment-solutions/,https://www.mastercard.com/news/press/2024/october/mastercard-expands-product-express-platform-to-help-fintechs-accelerate-the-launch-of-new-card-programs-and-other-payment-solutions/,Mastercard expands Product Express platform to help fintechs accelerate the launch of new card programs and other payment solutions,2024-10-24,publication_date,Yüksek,4122,,,,,,Tarihsel Bağlam,0,True,True,True,False,False,canonical_unique,pre_cutoff,2026-06-29T07:42:22+00:00,Unclassified,Düşük,none,historical_resolution,False
Mastercard Legacy Newsroom Press,Mastercard at Money 20/20: Innovating at the speed of business,2024-10-22,https://newsroom.mastercard.com/news/press/2024/october/mastercard-at-money-20-20-innovating-at-the-speed-of-business/,https://newsroom.mastercard.com/news/press/2024/october/mastercard-at-money-20-20-innovating-at-the-speed-of-business/,https://www.mastercard.com/news/press/2024/october/mastercard-at-money-20-20-innovating-at-the-speed-of-business/,Mastercard at Money 20/20: Innovating at the speed of business,2024-10-22,publication_date,Yüksek,6468,,Click to Pay; stablecoin,Aktarılabilir Mastercard Kabiliyeti,Dijital Varlıklar / Stablecoin,Global,Tarihsel Bağlam,0,True,True,True,False,False,canonical_unique,pre_cutoff,2026-06-29T07:42:22+00:00,Provisional,Orta,deterministic_high_precision,historical_resolution,False
Mastercard Legacy Newsroom Press,Mastercard transforms cross-border payments for banks with industry-first innovation,2024-10-21,https://newsroom.mastercard.com/news/press/2024/october/mastercard-transforms-cross-border-payments-for-banks-with-industry-first-innovation/,https://newsroom.mastercard.com/news/press/2024/october/mastercard-transforms-cross-border-payments-for-banks-with-industry-first-innovation/,https://www.mastercard.com/news/press/2024/october/mastercard-transforms-cross-border-payments-for-banks-with-industry-first-innovation/,Mastercard transforms cross-border payments for banks with industry-first innovation,2024-10-21,publication_date,Yüksek,4532,,Mastercard Move,,,,Tarihsel Bağlam,0,True,True,True,False,False,canonical_unique,pre_cutoff,2026-06-29T07:42:22+00:00,Unclassified,Düşük,none,historical_resolution,False
Mastercard Legacy Newsroom Press,Mastercard expands the Priceless Planet Coalition's portfolio of restoration sites,2024-10-21,https://newsroom.mastercard.com/news/press/2024/october/mastercard-expands-the-priceless-planet-coalition-s-portfolio-of-restoration-sites/,https://newsroom.mastercard.com/news/press/2024/october/mastercard-expands-the-priceless-planet-coalition-s-portfolio-of-restoration-sites/,https://www.mastercard.com/news/press/2024/october/mastercard-expands-the-priceless-planet-coalition-s-portfolio-of-restoration-sites/,Mastercard expands the Priceless Planet Coalition's portfolio of restoration sites,2024-10-21,publication_date,Yüksek,10974,Amazon,,,,,Tarihsel Bağlam,0,True,True,True,False,False,canonical_unique,pre_cutoff,2026-06-29T07:42:22+00:00,Unclassified,Düşük,none,historical_resolution,False
Mastercard Legacy Newsroom Press,"Mastercard debuts new open banking-powered tools that put consumers in control of their data, safely and securely",2024-10-18,https://newsroom.mastercard.com/news/press/2024/october/mastercard-debuts-new-open-banking-powered-tools-that-put-consumers-in-control-of-their-data-safely-and-securely/,https://newsroom.mastercard.com/news/press/2024/october/mastercard-debuts-new-open-banking-powered-tools-that-put-consumers-in-control-of-their-data-safely-and-securely/,https://www.mastercard.com/news/press/2024/october/mastercard-debuts-new-open-banking-powered-tools-that-put-consumers-in-control-of-their-data-safely-and-securely/,"Mastercard debuts new open banking-powered tools that put consumers in control of their data, safely and securely",2024-10-18,publication_date,Yüksek,5609,,,,,,Tarihsel Bağlam,0,True,True,True,False,False,canonical_unique,pre_cutoff,2026-06-29T07:42:22+00:00,Unclassified,Düşük,none,historical_resolution,False
Mastercard Legacy Newsroom Press,Citi and Mastercard join forces to transform global cross-border payments,2024-10-10,https://newsroom.mastercard.com/news/press/2024/october/citi-and-mastercard-join-forces-to-transform-global-cross-border-payments/,https://newsroom.mastercard.com/news/press/2024/october/citi-and-mastercard-join-forces-to-transform-global-cross-border-payments/,https://www.mastercard.com/news/press/2024/october/citi-and-mastercard-join-forces-to-transform-global-cross-border-payments/,Citi and Mastercard join forces to transform global cross-border payments,2024-10-10,publication_date,Yüksek,4973,,Mastercard Move,,,,Tarihsel Bağlam,0,True,True,True,False,False,canonical_unique,pre_cutoff,2026-06-29T07:42:22+00:00,Unclassified,Düşük,none,historical_resolution,False
Mastercard Legacy Newsroom Press,Mastercard spotlights cybersecurity awareness and education with true-crime podcasts to mark Cybersecurity Awareness Month,2024-10-03,https://newsroom.mastercard.com/news/press/2024/october/mastercard-spotlights-cybersecurity-awareness-and-education-with-true-crime-podcasts-to-mark-cybersecurity-awareness-month/,https://newsroom.mastercard.com/news/press/2024/october/mastercard-spotlights-cybersecurity-awareness-and-education-with-true-crime-podcasts-to-mark-cybersecurity-awareness-month/,https://www.mastercard.com/news/press/2024/october/mastercard-spotlights-cybersecurity-awareness-and-education-with-true-crime-podcasts-to-mark-cybersecurity-awareness-month/,Mastercard spotlights cybersecurity awareness and education with true-crime podcasts to mark Cybersecurity Awareness Month,2024-10-03,publication_date,Yüksek,5958,,,Aktarılabilir Mastercard Kabiliyeti,Fraud ve Siber Güvenlik,Global,Tarihsel Bağlam,0,True,True,True,False,False,canonical_unique,pre_cutoff,2026-06-29T07:42:22+00:00,Provisional,Orta,deterministic_high_precision,historical_resolution,False
Mastercard Legacy Newsroom Press,Mastercard launches new benefits in support of Canadian small businesses,2024-10-01,https://newsroom.mastercard.com/news/press/2024/october/mastercard-launches-new-benefits-in-support-of-canadian-small-businesses/,https://newsroom.mastercard.com/news/press/2024/october/mastercard-launches-new-benefits-in-support-of-canadian-small-businesses/,https://www.mastercard.com/news/press/2024/october/mastercard-launches-new-benefits-in-support-of-canadian-small-businesses/,Mastercard launches new benefits in support of Canadian small businesses,2024-10-01,publication_date,Yüksek,9485,,,,,,Tarihsel Bağlam,0,True,True,True,False,False,canonical_unique,pre_cutoff,2026-06-29T07:42:22+00:00,Unclassified,Düşük,none,historical_resolution,False
Mastercard Legacy Newsroom Press,Mastercard and KaiOS partner to simplify acceptance for millions of SMEs in emerging markets,2024-09-25,https://newsroom.mastercard.com/news/press/2024/september/mastercard-and-kaios-partner-to-simplify-acceptance-for-millions-of-smes-in-emerging-markets/,https://newsroom.mastercard.com/news/press/2024/september/mastercard-and-kaios-partner-to-simplify-acceptance-for-millions-of-smes-in-emerging-markets/,https://www.mastercard.com/news/press/2024/september/mastercard-and-kaios-partner-to-simplify-acceptance-for-millions-of-smes-in-emerging-markets/,Mastercard and KaiOS partner to simplify acceptance for millions of SMEs in emerging markets,2024-09-25,publication_date,Yüksek,5621,,,,,,Tarihsel Bağlam,0,True,True,True,False,False,canonical_unique,pre_cutoff,2026-06-29T07:42:22+00:00,Unclassified,Düşük,none,historical_resolution,False
Mastercard Legacy Newsroom Press,Mastercard expands first-of-its-kind AI technology to help banks protect more consumers from scams in real time,2024-09-24,https://newsroom.mastercard.com/news/press/2024/september/mastercard-expands-first-of-its-kind-ai-technology-to-help-banks-protect-more-consumers-from-scams-in-real-time/,https://newsroom.mastercard.com/news/press/2024/september/mastercard-expands-first-of-its-kind-ai-technology-to-help-banks-protect-more-consumers-from-scams-in-real-time/,https://www.mastercard.com/news/press/2024/september/mastercard-expands-first-of-its-kind-ai-technology-to-help-banks-protect-more-consumers-from-scams-in-real-time/,Mastercard expands first-of-its-kind AI technology to help banks protect more consumers from scams in real time,2024-09-24,publication_date,Yüksek,3063,,,,,,Tarihsel Bağlam,0,True,True,True,False,False,canonical_unique,pre_cutoff,2026-06-29T07:42:22+00:00,Unclassified,Düşük,none,historical_resolution,False
Mastercard Legacy Newsroom Press,"Mastercard expands support for Canadian entrepreneurs with Mastercard x Pier Five Small Business Fund, now open for 2024 applicants",2024-09-18,https://newsroom.mastercard.com/news/press/2024/september/mastercard-expands-support-for-canadian-entrepreneurs-with-mastercard-x-pier-five-small-business-fund-now-open-for-2024-applicants/,https://newsroom.mastercard.com/news/press/2024/september/mastercard-expands-support-for-canadian-entrepreneurs-with-mastercard-x-pier-five-small-business-fund-now-open-for-2024-applicants/,https://www.mastercard.com/news/press/2024/september/mastercard-expands-support-for-canadian-entrepreneurs-with-mastercard-x-pier-five-small-business-fund-now-open-for-2024-applicants/,"Mastercard expands support for Canadian entrepreneurs with Mastercard x Pier Five Small Business Fund, now open for 2024 applicants",2024-09-18,publication_date,Yüksek,5790,,,,,,Tarihsel Bağlam,0,True,True,True,False,False,canonical_unique,pre_cutoff,2026-06-29T07:42:22+00:00,Unclassified,Düşük,none,historical_resolution,False
Mastercard Legacy Newsroom Press,Update regarding Chief Financial Officer for Mastercard,2024-09-16,https://newsroom.mastercard.com/news/press/2024/september/update-regarding-chief-financial-officer-for-mastercard/,https://newsroom.mastercard.com/news/press/2024/september/update-regarding-chief-financial-officer-for-mastercard/,https://www.mastercard.com/news/press/2024/september/update-regarding-chief-financial-officer-for-mastercard/,Update regarding Chief Financial Officer for Mastercard,2024-09-16,publication_date,Yüksek,633,,,,,,Tarihsel Bağlam,0,True,True,True,False,False,canonical_unique,pre_cutoff,2026-06-29T07:42:22+00:00,Unclassified,Düşük,none,historical_resolution,False
Mastercard Legacy Newsroom Press,Mastercard invests in continued defense of global digital economy with acquisition of Recorded Future,2024-09-12,https://newsroom.mastercard.com/news/press/2024/september/mastercard-invests-in-continued-defense-of-global-digital-economy-with-acquisition-of-recorded-future/,https://newsroom.mastercard.com/news/press/2024/september/mastercard-invests-in-continued-defense-of-global-digital-economy-with-acquisition-of-recorded-future/,https://www.mastercard.com/news/press/2024/september/mastercard-invests-in-continued-defense-of-global-digital-economy-with-acquisition-of-recorded-future/,Mastercard invests in continued defense of global digital economy with acquisition of Recorded Future,2024-09-12,publication_date,Yüksek,7780,,,,,,Tarihsel Bağlam,0,True,True,True,False,False,canonical_unique,pre_cutoff,2026-06-29T07:42:22+00:00,Unclassified,Düşük,none,historical_resolution,False
Mastercard Legacy Newsroom Press,"Mastercard selects India for the global launch of its Payment Passkey Service, accelerating secure online checkout for millions of shoppers",2024-08-29,https://newsroom.mastercard.com/news/press/2024/august/mastercard-selects-india-for-the-global-launch-of-its-payment-passkey-service-accelerating-secure-online-checkout-for-millions-of-shoppers/,https://newsroom.mastercard.com/news/press/2024/august/mastercard-selects-india-for-the-global-launch-of-its-payment-passkey-service-accelerating-secure-online-checkout-for-millions-of-shoppers/,https://www.mastercard.com/news/press/2024/august/mastercard-selects-india-for-the-global-launch-of-its-payment-passkey-service-accelerating-secure-online-checkout-for-millions-of-shoppers/,"Mastercard selects India for the global launch of its Payment Passkey Service, accelerating secure online checkout for millions of shoppers",2024-08-29,publication_date,Yüksek,7389,,,,,,Tarihsel Bağlam,0,True,True,True,False,False,canonical_unique,pre_cutoff,2026-06-29T07:42:22+00:00,Unclassified,Düşük,none,historical_resolution,False
Mastercard Legacy Newsroom Press,Helping more individuals and small businesses benefit from the digital economy through Mastercard Open Banking,2024-08-13,https://newsroom.mastercard.com/news/press/2024/august/helping-more-individuals-and-small-businesses-benefit-from-the-digital-economy-through-mastercard-open-banking/,https://newsroom.mastercard.com/news/press/2024/august/helping-more-individuals-and-small-businesses-benefit-from-the-digital-economy-through-mastercard-open-banking/,https://www.mastercard.com/news/press/2024/august/helping-more-individuals-and-small-businesses-benefit-from-the-digital-economy-through-mastercard-open-banking/,Helping more individuals and small businesses benefit from the digital economy through Mastercard Open Banking,2024-08-13,publication_date,Yüksek,5227,,,,,,Tarihsel Bağlam,0,True,True,True,False,False,canonical_unique,pre_cutoff,2026-06-29T07:42:22+00:00,Unclassified,Düşük,none,historical_resolution,False
Mastercard Legacy Newsroom Press,"Mastercard and WestJet announce the launch of the Priceless Platform in Canada, offering cardholders exclusive, always-on access to Priceless experiences",2024-08-08,https://newsroom.mastercard.com/news/press/2024/august/mastercard-and-westjet-announce-the-launch-of-the-priceless-platform-in-canada-offering-cardholders-exclusive-always-on-access-to-priceless-experiences/,https://newsroom.mastercard.com/news/press/2024/august/mastercard-and-westjet-announce-the-launch-of-the-priceless-platform-in-canada-offering-cardholders-exclusive-always-on-access-to-priceless-experiences/,https://www.mastercard.com/news/press/2024/august/mastercard-and-westjet-announce-the-launch-of-the-priceless-platform-in-canada-offering-cardholders-exclusive-always-on-access-to-priceless-experiences/,"Mastercard and WestJet announce the launch of the Priceless Platform in Canada, offering cardholders exclusive, always-on access to Priceless experiences",2024-08-08,publication_date,Yüksek,4697,,,,,,Tarihsel Bağlam,0,True,True,True,False,False,canonical_unique,pre_cutoff,2026-06-29T07:42:22+00:00,Unclassified,Düşük,none,historical_resolution,False
Mastercard Legacy Newsroom Press,Mastercard joins forces with McLaren Racing Formula 1 Team,2024-07-24,https://newsroom.mastercard.com/news/press/2024/july/mastercard-joins-forces-with-mclaren-racing-formula-1-team/,https://newsroom.mastercard.com/news/press/2024/july/mastercard-joins-forces-with-mclaren-racing-formula-1-team/,https://www.mastercard.com/news/press/2024/july/mastercard-joins-forces-with-mclaren-racing-formula-1-team/,Mastercard joins forces with McLaren Racing Formula 1 Team,2024-07-24,publication_date,Yüksek,3724,,,,,,Tarihsel Bağlam,0,True,True,True,False,False,canonical_unique,pre_cutoff,2026-06-29T07:42:22+00:00,Unclassified,Düşük,none,historical_resolution,False
Mastercard Legacy Newsroom Press,"Expedia Group, Wells Fargo, and Mastercard announce new suite of One Key credit cards",2024-07-12,https://newsroom.mastercard.com/news/press/2024/july/expedia-group-wells-fargo-and-mastercard-announce-new-suite-of-one-key-credit-cards/,https://newsroom.mastercard.com/news/press/2024/july/expedia-group-wells-fargo-and-mastercard-announce-new-suite-of-one-key-credit-cards/,https://www.mastercard.com/news/press/2024/july/expedia-group-wells-fargo-and-mastercard-announce-new-suite-of-one-key-credit-cards/,"Expedia Group, Wells Fargo, and Mastercard announce new suite of One Key credit cards",2024-07-12,publication_date,Yüksek,8061,,,,,,Tarihsel Bağlam,0,True,True,True,False,False,canonical_unique,pre_cutoff,2026-06-29T07:42:22+00:00,Unclassified,Düşük,none,historical_resolution,False
Mastercard Legacy Newsroom Press,Mastercard and the Medical Tourism Association join forces to revolutionize cross-border health care payments,2024-07-10,https://newsroom.mastercard.com/news/press/2024/july/mastercard-and-the-medical-tourism-association-join-forces-to-revolutionize-cross-border-health-care-payments/,https://newsroom.mastercard.com/news/press/2024/july/mastercard-and-the-medical-tourism-association-join-forces-to-revolutionize-cross-border-health-care-payments/,https://www.mastercard.com/news/press/2024/july/mastercard-and-the-medical-tourism-association-join-forces-to-revolutionize-cross-border-health-care-payments/,Mastercard and the Medical Tourism Association join forces to revolutionize cross-border health care payments,2024-07-10,publication_date,Yüksek,7874,TIPS,TIPS; virtual card,,,,Tarihsel Bağlam,0,True,True,True,False,False,canonical_unique,pre_cutoff,2026-06-29T07:42:22+00:00,Unclassified,Düşük,none,historical_resolution,False
Mastercard Legacy Newsroom Press,Mastercard taps into the power of social media to support Stand Up To Cancer,2024-06-17,https://newsroom.mastercard.com/news/press/2024/june/mastercard-taps-into-the-power-of-social-media-to-support-stand-up-to-cancer/,https://newsroom.mastercard.com/news/press/2024/june/mastercard-taps-into-the-power-of-social-media-to-support-stand-up-to-cancer/,https://www.mastercard.com/news/press/2024/june/mastercard-taps-into-the-power-of-social-media-to-support-stand-up-to-cancer/,Mastercard taps into the power of social media to support Stand Up To Cancer,2024-06-17,publication_date,Yüksek,5292,,,,,,Tarihsel Bağlam,0,True,True,True,False,False,canonical_unique,pre_cutoff,2026-06-29T07:42:22+00:00,Unclassified,Düşük,none,historical_resolution,False
Mastercard Legacy Newsroom Press,Mastercard and Beijing Municipal Bureau of Culture and Tourism unveil enhanced Priceless Beijing,2024-06-13,https://newsroom.mastercard.com/news/press/2024/june/mastercard-and-beijing-municipal-bureau-of-culture-and-tourism-unveil-enhanced-priceless-beijing/,https://newsroom.mastercard.com/news/press/2024/june/mastercard-and-beijing-municipal-bureau-of-culture-and-tourism-unveil-enhanced-priceless-beijing/,https://www.mastercard.com/news/press/2024/june/mastercard-and-beijing-municipal-bureau-of-culture-and-tourism-unveil-enhanced-priceless-beijing/,Mastercard and Beijing Municipal Bureau of Culture and Tourism unveil enhanced Priceless Beijing,2024-06-13,publication_date,Yüksek,8905,,,,,,Tarihsel Bağlam,0,True,True,True,False,False,canonical_unique,pre_cutoff,2026-06-29T07:42:22+00:00,Unclassified,Düşük,none,historical_resolution,False
Mastercard Legacy Newsroom Press,Mastercard reimagines online checkout; commits to reaching 100% e-commerce tokenization by 2030 in Europe,2024-06-11,https://newsroom.mastercard.com/news/press/2024/june/mastercard-reimagines-online-checkout-commits-to-reaching-100-e-commerce-tokenization-by-2030-in-europe/,https://newsroom.mastercard.com/news/press/2024/june/mastercard-reimagines-online-checkout-commits-to-reaching-100-e-commerce-tokenization-by-2030-in-europe/,https://www.mastercard.com/news/press/2024/june/mastercard-reimagines-online-checkout-commits-to-reaching-100-e-commerce-tokenization-by-2030-in-europe/,Mastercard reimagines online checkout; commits to reaching 100% e-commerce tokenization by 2030 in Europe,2024-06-11,publication_date,Yüksek,3412,,Click to Pay,Aktarılabilir Mastercard Kabiliyeti,Tokenizasyon,Global,Tarihsel Bağlam,0,True,True,True,False,False,canonical_unique,pre_cutoff,2026-06-29T07:42:22+00:00,Provisional,Orta,deterministic_high_precision,historical_resolution,False
Mastercard Legacy Newsroom Press,"Michael Kors first to debut Shopping Muse, the AI-powered shopping assistant from Dynamic Yield by Mastercard",2024-06-10,https://newsroom.mastercard.com/news/press/2024/june/michael-kors-first-to-debut-shopping-muse-the-ai-powered-shopping-assistant-from-dynamic-yield-by-mastercard/,https://newsroom.mastercard.com/news/press/2024/june/michael-kors-first-to-debut-shopping-muse-the-ai-powered-shopping-assistant-from-dynamic-yield-by-mastercard/,https://www.mastercard.com/news/press/2024/june/michael-kors-first-to-debut-shopping-muse-the-ai-powered-shopping-assistant-from-dynamic-yield-by-mastercard/,"Michael Kors first to debut Shopping Muse, the AI-powered shopping assistant from Dynamic Yield by Mastercard",2024-06-10,publication_date,Yüksek,3645,,,,,,Tarihsel Bağlam,0,True,True,True,False,False,canonical_unique,pre_cutoff,2026-06-29T07:42:22+00:00,Unclassified,Düşük,none,historical_resolution,False
Mastercard Legacy Newsroom Press,Mastercard debuts new video “Giving Back” with Lionel Messi to kick off CONMEBOL Copa América 2024,2024-06-10,https://newsroom.mastercard.com/news/press/2024/june/mastercard-debuts-new-video-giving-back-with-lionel-messi-to-kick-off-conmebol-copa-america-2024/,https://newsroom.mastercard.com/news/press/2024/june/mastercard-debuts-new-video-giving-back-with-lionel-messi-to-kick-off-conmebol-copa-america-2024/,https://www.mastercard.com/news/press/2024/june/mastercard-debuts-new-video-giving-back-with-lionel-messi-to-kick-off-conmebol-copa-america-2024/,Mastercard debuts new video “Giving Back” with Lionel Messi to kick off CONMEBOL Copa América 2024,2024-06-10,publication_date,Yüksek,2018,,,,,,Tarihsel Bağlam,0,True,True,True,False,False,canonical_unique,pre_cutoff,2026-06-29T07:42:22+00:00,Unclassified,Düşük,none,historical_resolution,False
Mastercard Legacy Newsroom Press,Mastercard enhances digital financial experiences with Deposit Switch and Bill Pay Switch,2024-06-06,https://newsroom.mastercard.com/news/press/2024/june/mastercard-enhances-digital-financial-experiences-with-deposit-switch-and-bill-pay-switch/,https://newsroom.mastercard.com/news/press/2024/june/mastercard-enhances-digital-financial-experiences-with-deposit-switch-and-bill-pay-switch/,https://www.mastercard.com/news/press/2024/june/mastercard-enhances-digital-financial-experiences-with-deposit-switch-and-bill-pay-switch/,Mastercard enhances digital financial experiences with Deposit Switch and Bill Pay Switch,2024-06-06,publication_date,Yüksek,6463,,,,,,Tarihsel Bağlam,0,True,True,True,False,False,canonical_unique,pre_cutoff,2026-06-29T07:42:22+00:00,Unclassified,Düşük,none,historical_resolution,False
Mastercard Legacy Newsroom Press,Mastercard Center for Inclusive Growth and data.org launch Artificial Intelligence to Accelerate Inclusion challenge,2024-06-06,https://newsroom.mastercard.com/news/press/2024/june/mastercard-center-for-inclusive-growth-and-data-org-launch-artificial-intelligence-to-accelerate-inclusion-challenge/,https://newsroom.mastercard.com/news/press/2024/june/mastercard-center-for-inclusive-growth-and-data-org-launch-artificial-intelligence-to-accelerate-inclusion-challenge/,https://www.mastercard.com/news/press/2024/june/mastercard-center-for-inclusive-growth-and-data-org-launch-artificial-intelligence-to-accelerate-inclusion-challenge/,Mastercard Center for Inclusive Growth and data.org launch Artificial Intelligence to Accelerate Inclusion challenge,2024-06-06,publication_date,Yüksek,5660,,,,,,Tarihsel Bağlam,0,True,True,True,False,False,canonical_unique,pre_cutoff,2026-06-29T07:42:22+00:00,Unclassified,Düşük,none,historical_resolution,False
Mastercard Legacy Newsroom Press,"Mastercard Crypto Credential goes live with first peer-to-peer pilot transactions, adds new partners to the ecosystem",2024-05-29,https://newsroom.mastercard.com/news/press/2024/may/mastercard-crypto-credential-goes-live-with-first-peer-to-peer-pilot-transactions-adds-new-partners-to-the-ecosystem/,https://newsroom.mastercard.com/news/press/2024/may/mastercard-crypto-credential-goes-live-with-first-peer-to-peer-pilot-transactions-adds-new-partners-to-the-ecosystem/,https://www.mastercard.com/news/press/2024/may/mastercard-crypto-credential-goes-live-with-first-peer-to-peer-pilot-transactions-adds-new-partners-to-the-ecosystem/,"Mastercard Crypto Credential goes live with first peer-to-peer pilot transactions, adds new partners to the ecosystem",2024-05-29,publication_date,Yüksek,6560,,,,,,Tarihsel Bağlam,0,True,True,True,False,False,canonical_unique,pre_cutoff,2026-06-29T07:42:22+00:00,Unclassified,Düşük,none,historical_resolution,False
Mastercard Legacy Newsroom Press,Mastercard accelerates commitment to digital transformation in Africa,2024-05-24,https://newsroom.mastercard.com/news/press/2024/may/mastercard-accelerates-commitment-to-digital-transformation-in-africa/,https://newsroom.mastercard.com/news/press/2024/may/mastercard-accelerates-commitment-to-digital-transformation-in-africa/,https://www.mastercard.com/news/press/2024/may/mastercard-accelerates-commitment-to-digital-transformation-in-africa/,Mastercard accelerates commitment to digital transformation in Africa,2024-05-24,publication_date,Yüksek,6519,,,,,,Tarihsel Bağlam,0,True,True,True,False,False,canonical_unique,pre_cutoff,2026-06-29T07:42:22+00:00,Unclassified,Düşük,none,historical_resolution,False
Mastercard Legacy Newsroom Press,Mastercard speeds card fraud detection with generative AI technology,2024-05-22,https://newsroom.mastercard.com/news/press/2024/may/mastercard-accelerates-card-fraud-detection-with-generative-ai-technology/,https://newsroom.mastercard.com/news/press/2024/may/mastercard-accelerates-card-fraud-detection-with-generative-ai-technology/,https://www.mastercard.com/news/press/2024/may/mastercard-accelerates-card-fraud-detection-with-generative-ai-technology/,Mastercard accelerates card fraud detection with generative AI technology,2024-05-22,publication_date,Yüksek,3141,,,Aktarılabilir Mastercard Kabiliyeti,Fraud ve Siber Güvenlik,Global,Tarihsel Bağlam,0,True,True,True,False,False,canonical_unique,pre_cutoff,2026-06-29T07:42:22+00:00,Provisional,Orta,deterministic_high_precision,historical_resolution,False
Mastercard Legacy Newsroom Press,Mastercard and Salesforce announce new integration to transform transaction disputes,2024-05-16,https://newsroom.mastercard.com/news/press/2024/may/mastercard-and-salesforce-announce-new-integration-to-transform-transaction-disputes/,https://newsroom.mastercard.com/news/press/2024/may/mastercard-and-salesforce-announce-new-integration-to-transform-transaction-disputes/,https://www.mastercard.com/news/press/2024/may/mastercard-and-salesforce-announce-new-integration-to-transform-transaction-disputes/,Mastercard and Salesforce announce new integration to transform transaction disputes,2024-05-16,publication_date,Yüksek,4854,,,,,,Tarihsel Bağlam,0,True,True,True,False,False,canonical_unique,pre_cutoff,2026-06-29T07:42:22+00:00,Unclassified,Düşük,none,historical_resolution,False
Mastercard Legacy Newsroom Press,"Soaring passenger traffic, longer stays: Mastercard Economics Institute on travel in 2024",2024-05-14,https://newsroom.mastercard.com/news/press/2024/may/soaring-passenger-traffic-longer-stays-mastercard-economics-institute-on-travel-in-2024/,https://newsroom.mastercard.com/news/press/2024/may/soaring-passenger-traffic-longer-stays-mastercard-economics-institute-on-travel-in-2024/,https://www.mastercard.com/news/press/2024/may/soaring-passenger-traffic-longer-stays-mastercard-economics-institute-on-travel-in-2024/,"Soaring passenger traffic, longer stays: Mastercard Economics Institute on travel in 2024",2024-05-14,publication_date,Yüksek,5516,,,,,,Tarihsel Bağlam,0,True,True,True,False,False,canonical_unique,pre_cutoff,2026-06-29T07:42:22+00:00,Unclassified,Düşük,none,historical_resolution,False
Mastercard Legacy Newsroom Press,University of New Brunswick Mastercard Cybersecurity Scholarship winners announced,2024-05-13,https://newsroom.mastercard.com/news/press/2024/may/university-of-new-brunswick-mastercard-cybersecurity-scholarship-winners-announced/,https://newsroom.mastercard.com/news/press/2024/may/university-of-new-brunswick-mastercard-cybersecurity-scholarship-winners-announced/,https://www.mastercard.com/news/press/2024/may/university-of-new-brunswick-mastercard-cybersecurity-scholarship-winners-announced/,University of New Brunswick Mastercard Cybersecurity Scholarship winners announced,2024-05-13,publication_date,Yüksek,4290,,,Aktarılabilir Mastercard Kabiliyeti,Fraud ve Siber Güvenlik,Global,Tarihsel Bağlam,0,True,True,True,False,False,canonical_unique,pre_cutoff,2026-06-29T07:42:22+00:00,Provisional,Orta,deterministic_high_precision,historical_resolution,False
Mastercard Legacy Newsroom Press,Mastercard JV switches first domestic transaction in China,2024-05-08,https://newsroom.mastercard.com/news/press/2024/may/mastercard-jv-switches-first-domestic-transaction-in-china/,https://newsroom.mastercard.com/news/press/2024/may/mastercard-jv-switches-first-domestic-transaction-in-china/,https://www.mastercard.com/news/press/2024/may/mastercard-jv-switches-first-domestic-transaction-in-china/,Mastercard JV switches first domestic transaction in China,2024-05-08,publication_date,Yüksek,3336,,,,,,Tarihsel Bağlam,0,True,True,True,False,False,canonical_unique,pre_cutoff,2026-06-29T07:42:22+00:00,Unclassified,Düşük,none,historical_resolution,False
Mastercard Legacy Newsroom Press,"Mastercard drops exclusive, personalized Music Pass as it kicks off season 2 of its Artist Accelerator",2024-04-26,https://newsroom.mastercard.com/news/press/2024/april/mastercard-drops-exclusive-personalized-music-pass-as-it-kicks-off-season-2-of-its-artist-accelerator/,https://newsroom.mastercard.com/news/press/2024/april/mastercard-drops-exclusive-personalized-music-pass-as-it-kicks-off-season-2-of-its-artist-accelerator/,https://www.mastercard.com/news/press/2024/april/mastercard-drops-exclusive-personalized-music-pass-as-it-kicks-off-season-2-of-its-artist-accelerator/,"Mastercard drops exclusive, personalized Music Pass as it kicks off season 2 of its Artist Accelerator",2024-04-26,publication_date,Yüksek,3950,,,,,,Tarihsel Bağlam,0,True,True,True,False,False,canonical_unique,pre_cutoff,2026-06-29T07:42:22+00:00,Unclassified,Düşük,none,historical_resolution,False
Mastercard Legacy Newsroom Press,"Enhancing fintech programs, empowering innovation",2024-04-25,https://newsroom.mastercard.com/news/press/2024/april/enhancing-fintech-programs-empowering-innovation/,https://newsroom.mastercard.com/news/press/2024/april/enhancing-fintech-programs-empowering-innovation/,https://www.mastercard.com/news/press/2024/april/enhancing-fintech-programs-empowering-innovation/,"Enhancing fintech programs, empowering innovation",2024-04-25,publication_date,Yüksek,4512,,Click to Pay,,,,Tarihsel Bağlam,0,True,True,True,False,False,canonical_unique,pre_cutoff,2026-06-29T07:42:22+00:00,Unclassified,Düşük,none,historical_resolution,False
Mastercard Legacy Newsroom Press,Mastercard transforms the fight against scams with latest AI tech,2024-04-24,https://newsroom.mastercard.com/news/press/2024/april/mastercard-transforms-the-fight-against-scams-with-latest-ai-tech/,https://newsroom.mastercard.com/news/press/2024/april/mastercard-transforms-the-fight-against-scams-with-latest-ai-tech/,https://www.mastercard.com/news/press/2024/april/mastercard-transforms-the-fight-against-scams-with-latest-ai-tech/,Mastercard transforms the fight against scams with latest AI tech,2024-04-24,publication_date,Yüksek,7727,,,,,,Tarihsel Bağlam,0,True,True,True,False,False,canonical_unique,pre_cutoff,2026-06-29T07:42:22+00:00,Unclassified,Düşük,none,historical_resolution,False
Mastercard Legacy Newsroom Press,"The Xbox Mastercard, issued by Barclays, now available in the U.S. with more value",2024-04-18,https://newsroom.mastercard.com/news/press/2024/april/the-xbox-mastercard-issued-by-barclays-now-available-in-the-u-s-with-more-value/,https://newsroom.mastercard.com/news/press/2024/april/the-xbox-mastercard-issued-by-barclays-now-available-in-the-u-s-with-more-value/,https://www.mastercard.com/news/press/2024/april/the-xbox-mastercard-issued-by-barclays-now-available-in-the-u-s-with-more-value/,"The Xbox Mastercard, issued by Barclays, now available in the U.S. with more value",2024-04-18,publication_date,Yüksek,4539,,,,,,Tarihsel Bağlam,0,True,True,True,False,False,canonical_unique,pre_cutoff,2026-06-29T07:42:22+00:00,Unclassified,Düşük,none,historical_resolution,False
Mastercard Legacy Newsroom Press,Nubank and Mastercard exclusive study reveals path to advancing beyond access toward financial health,2024-04-18,https://newsroom.mastercard.com/news/press/2024/april/nubank-and-mastercard-exclusive-study-reveals-path-to-advancing-beyond-access-toward-financial-health/,https://newsroom.mastercard.com/news/press/2024/april/nubank-and-mastercard-exclusive-study-reveals-path-to-advancing-beyond-access-toward-financial-health/,https://www.mastercard.com/news/press/2024/april/nubank-and-mastercard-exclusive-study-reveals-path-to-advancing-beyond-access-toward-financial-health/,Nubank and Mastercard exclusive study reveals path to advancing beyond access toward financial health,2024-04-18,publication_date,Yüksek,6758,,,,,,Tarihsel Bağlam,0,True,True,True,False,False,canonical_unique,pre_cutoff,2026-06-29T07:42:22+00:00,Unclassified,Düşük,none,historical_resolution,False
Mastercard Legacy Newsroom Press,Mastercard launches mobile virtual card app to simplify travel and business expenses,2024-04-18,https://newsroom.mastercard.com/news/press/2024/april/mastercard-launches-mobile-virtual-card-app-to-simplify-travel-and-business-expenses/,https://newsroom.mastercard.com/news/press/2024/april/mastercard-launches-mobile-virtual-card-app-to-simplify-travel-and-business-expenses/,https://www.mastercard.com/news/press/2024/april/mastercard-launches-mobile-virtual-card-app-to-simplify-travel-and-business-expenses/,Mastercard launches mobile virtual card app to simplify travel and business expenses,2024-04-18,publication_date,Yüksek,6575,,commercial card; virtual card,,,,Tarihsel Bağlam,0,True,True,True,False,False,canonical_unique,pre_cutoff,2026-06-29T07:42:22+00:00,Unclassified,Düşük,none,historical_resolution,False
Mastercard Legacy Newsroom Press,Turning aspiration into impact,2024-04-16,https://newsroom.mastercard.com/news/press/2024/april/turning-aspiration-into-impact/,https://newsroom.mastercard.com/news/press/2024/april/turning-aspiration-into-impact/,https://www.mastercard.com/news/press/2024/april/turning-aspiration-into-impact/,Turning aspiration into impact,2024-04-16,publication_date,Yüksek,3428,,,,,,Tarihsel Bağlam,0,True,True,True,False,False,canonical_unique,pre_cutoff,2026-06-29T07:42:22+00:00,Unclassified,Düşük,none,historical_resolution,False
Mastercard Legacy Newsroom Press,Mastercard extends partnership with Pow Wow Pitch to reinforce commitment to empowering Indigenous entrepreneurs,2024-04-15,https://newsroom.mastercard.com/news/press/2024/april/mastercard-extends-partnership-with-pow-wow-pitch-to-reinforce-commitment-to-empowering-indigenous-entrepreneurs/,https://newsroom.mastercard.com/news/press/2024/april/mastercard-extends-partnership-with-pow-wow-pitch-to-reinforce-commitment-to-empowering-indigenous-entrepreneurs/,https://www.mastercard.com/news/press/2024/april/mastercard-extends-partnership-with-pow-wow-pitch-to-reinforce-commitment-to-empowering-indigenous-entrepreneurs/,Mastercard extends partnership with Pow Wow Pitch to reinforce commitment to empowering Indigenous entrepreneurs,2024-04-15,publication_date,Yüksek,4494,,,,,,Tarihsel Bağlam,0,True,True,True,False,False,canonical_unique,pre_cutoff,2026-06-29T07:42:22+00:00,Unclassified,Düşük,none,historical_resolution,False
Mastercard Legacy Newsroom Press,Mastercard and leading Canadian fintech VoPay enter strategic partnership to empower Canadians to move money quickly and securely with Mastercard Move,2024-04-15,https://newsroom.mastercard.com/news/press/2024/april/mastercard-and-leading-canadian-fintech-vopay-enter-strategic-partnership-to-empower-canadians-to-move-money-quickly-and-securely-with-mastercard-move/,https://newsroom.mastercard.com/news/press/2024/april/mastercard-and-leading-canadian-fintech-vopay-enter-strategic-partnership-to-empower-canadians-to-move-money-quickly-and-securely-with-mastercard-move/,https://www.mastercard.com/news/press/2024/april/mastercard-and-leading-canadian-fintech-vopay-enter-strategic-partnership-to-empower-canadians-to-move-money-quickly-and-securely-with-mastercard-move/,Mastercard and leading Canadian fintech VoPay enter strategic partnership to empower Canadians to move money quickly and securely with Mastercard Move,2024-04-15,publication_date,Yüksek,6467,,Mastercard Move,,,,Tarihsel Bağlam,0,True,True,True,False,False,canonical_unique,pre_cutoff,2026-06-29T07:42:22+00:00,Unclassified,Düşük,none,historical_resolution,False
Mastercard Legacy Newsroom Press,Positioning Mastercard for the next era of growth,2024-04-09,https://newsroom.mastercard.com/news/press/2024/april/positioning-mastercard-for-the-next-era-of-growth/,https://newsroom.mastercard.com/news/press/2024/april/positioning-mastercard-for-the-next-era-of-growth/,https://www.mastercard.com/news/press/2024/april/positioning-mastercard-for-the-next-era-of-growth/,Positioning Mastercard for the next era of growth,2024-04-09,publication_date,Yüksek,3159,,commercial card,,,,Tarihsel Bağlam,0,True,True,True,False,False,canonical_unique,pre_cutoff,2026-06-29T07:42:22+00:00,Unclassified,Düşük,none,historical_resolution,False
Mastercard Legacy Newsroom Press,"Mastercard announces new cardholder benefits to enhance health & wellness, travel and lifestyle rewards for consumers, small businesses",2024-04-04,https://newsroom.mastercard.com/news/press/2024/april/mastercard-announces-new-cardholder-benefits-to-enhance-health-wellness-travel-and-lifestyle-rewards-for-consumers-small-businesses/,https://newsroom.mastercard.com/news/press/2024/april/mastercard-announces-new-cardholder-benefits-to-enhance-health-wellness-travel-and-lifestyle-rewards-for-consumers-small-businesses/,https://www.mastercard.com/news/press/2024/april/mastercard-announces-new-cardholder-benefits-to-enhance-health-wellness-travel-and-lifestyle-rewards-for-consumers-small-businesses/,"Mastercard announces new cardholder benefits to enhance health & wellness, travel and lifestyle rewards for consumers, small businesses",2024-04-04,publication_date,Yüksek,17866,TIPS,TIPS; business credit card,,,,Tarihsel Bağlam,0,True,True,True,False,False,canonical_unique,pre_cutoff,2026-06-29T07:42:22+00:00,Unclassified,Düşük,none,historical_resolution,False
Mastercard Legacy Newsroom Press,Mastercard commits to lowering U.S. interchange for small businesses and broader merchant community,2024-03-26,https://newsroom.mastercard.com/news/press/2024/march/mastercard-commits-to-lowering-u-s-interchange-for-small-businesses-and-broader-merchant-community/,https://newsroom.mastercard.com/news/press/2024/march/mastercard-commits-to-lowering-u-s-interchange-for-small-businesses-and-broader-merchant-community/,https://www.mastercard.com/news/press/2024/march/mastercard-commits-to-lowering-u-s-interchange-for-small-businesses-and-broader-merchant-community/,Mastercard commits to lowering U.S. interchange for small businesses and broader merchant community,2024-03-26,publication_date,Yüksek,6374,,,,,,Tarihsel Bağlam,0,True,True,True,False,False,canonical_unique,pre_cutoff,2026-06-29T07:42:22+00:00,Unclassified,Düşük,none,historical_resolution,False
Mastercard Legacy Newsroom Press,Mastercard and Worldpay join forces to fight payment fraud globally,2024-03-26,https://newsroom.mastercard.com/news/press/2024/march/mastercard-and-worldpay-join-forces-to-fight-payment-fraud-globally/,https://newsroom.mastercard.com/news/press/2024/march/mastercard-and-worldpay-join-forces-to-fight-payment-fraud-globally/,https://www.mastercard.com/news/press/2024/march/mastercard-and-worldpay-join-forces-to-fight-payment-fraud-globally/,Mastercard and Worldpay join forces to fight payment fraud globally,2024-03-26,publication_date,Yüksek,3029,,,Aktarılabilir Mastercard Kabiliyeti,Fraud ve Siber Güvenlik,Global,Tarihsel Bağlam,0,True,True,True,False,False,canonical_unique,pre_cutoff,2026-06-29T07:42:22+00:00,Provisional,Orta,deterministic_high_precision,historical_resolution,False
Mastercard Legacy Newsroom Press,New Mastercard report reveals key trends & opportunities to digitize remittances in Latin America and the Caribbean,2024-03-21,https://newsroom.mastercard.com/news/press/2024/march/new-mastercard-report-reveals-key-trends-opportunities-to-digitize-remittances-in-latin-america-and-the-caribbean/,https://newsroom.mastercard.com/news/press/2024/march/new-mastercard-report-reveals-key-trends-opportunities-to-digitize-remittances-in-latin-america-and-the-caribbean/,https://www.mastercard.com/news/press/2024/march/new-mastercard-report-reveals-key-trends-opportunities-to-digitize-remittances-in-latin-america-and-the-caribbean/,New Mastercard report reveals key trends & opportunities to digitize remittances in Latin America and the Caribbean,2024-03-21,publication_date,Yüksek,7096,,Mastercard Move,,,,Tarihsel Bağlam,0,True,True,True,False,False,canonical_unique,pre_cutoff,2026-06-29T07:42:22+00:00,Unclassified,Düşük,none,historical_resolution,False
Mastercard Legacy Newsroom Press,Mastercard enables convenient and secure international remittances to Alipay Wallet,2024-03-19,https://newsroom.mastercard.com/news/press/2024/march/mastercard-enables-convenient-and-secure-international-remittances-to-alipay-wallet/,https://newsroom.mastercard.com/news/press/2024/march/mastercard-enables-convenient-and-secure-international-remittances-to-alipay-wallet/,https://www.mastercard.com/news/press/2024/march/mastercard-enables-convenient-and-secure-international-remittances-to-alipay-wallet/,Mastercard enables convenient and secure international remittances to Alipay Wallet,2024-03-19,publication_date,Yüksek,4745,,Mastercard Move,,,,Tarihsel Bağlam,0,True,True,True,False,False,canonical_unique,pre_cutoff,2026-06-29T07:42:22+00:00,Unclassified,Düşük,none,historical_resolution,False
Mastercard Legacy Newsroom Press,Mastercard simplifies subscription management with Smart Subscriptions,2024-03-12,https://newsroom.mastercard.com/news/press/2024/march/mastercard-simplifies-subscription-management-with-smart-subscriptions/,https://newsroom.mastercard.com/news/press/2024/march/mastercard-simplifies-subscription-management-with-smart-subscriptions/,https://www.mastercard.com/news/press/2024/march/mastercard-simplifies-subscription-management-with-smart-subscriptions/,Mastercard simplifies subscription management with Smart Subscriptions,2024-03-12,publication_date,Yüksek,3372,,,,,,Tarihsel Bağlam,0,True,True,True,False,False,canonical_unique,pre_cutoff,2026-06-29T07:42:22+00:00,Unclassified,Düşük,none,historical_resolution,False
Mastercard Legacy Newsroom Press,"Mastercard appoints Jon Huntsman Jr. as vice chairman and president, Strategic Growth",2024-03-11,https://newsroom.mastercard.com/news/press/2024/march/mastercard-appoints-jon-huntsman-jr-as-vice-chairman-and-president-strategic-growth/,https://newsroom.mastercard.com/news/press/2024/march/mastercard-appoints-jon-huntsman-jr-as-vice-chairman-and-president-strategic-growth/,https://www.mastercard.com/news/press/2024/march/mastercard-appoints-jon-huntsman-jr-as-vice-chairman-and-president-strategic-growth/,"Mastercard appoints Jon Huntsman Jr. as vice chairman and president, Strategic Growth",2024-03-11,publication_date,Yüksek,3718,,,,,,Tarihsel Bağlam,0,True,True,True,False,False,canonical_unique,pre_cutoff,2026-06-29T07:42:22+00:00,Unclassified,Düşük,none,historical_resolution,False
Mastercard Legacy Newsroom Landing; Mastercard Legacy Newsroom Press,Deutsche Bank and Mastercard partner to power merchant solutions with open banking payments,2025-06-03,https://www.mastercard.com/news/europe/en/newsroom/press-releases/en/2025/deutsche-bank-and-mastercard-partner-to-power-merchant-solutions-with-open-banking-payments/,https://www.mastercard.com/news/europe/en/newsroom/press-releases/en/2025/deutsche-bank-and-mastercard-partner-to-power-merchant-solutions-with-open-banking-payments/,https://www.mastercard.com/news/europe/en/newsroom/press-releases/en/2025/deutsche-bank-and-mastercard-partner-to-power-merchant-solutions-with-open-banking-payments/,Access Denied,,,,337,,,,,,Kapsam Dışı,0,False,False,True,False,False,canonical_collapsed_legacy_modern,access_denied,2026-06-29T07:42:22+00:00,Unclassified,Düşük,none,historical_resolution,False
Mastercard Legacy Newsroom Press,"Vodafone, Sumitomo Corporation, and Mastercard team up to advance the economy of things",2024-10-10,https://www.mastercard.com/news/europe/en/newsroom/press-releases/en/2024/vodafone-sumitomo-corporation-and-mastercard-team-up-to-advance-the-economy-of-things/,https://www.mastercard.com/news/europe/en/newsroom/press-releases/en/2024/vodafone-sumitomo-corporation-and-mastercard-team-up-to-advance-the-economy-of-things/,https://www.mastercard.com/news/europe/en/newsroom/press-releases/en/2024/vodafone-sumitomo-corporation-and-mastercard-team-up-to-advance-the-economy-of-things/,Access Denied,,,,331,,,,,,Kapsam Dışı,0,False,False,False,False,False,canonical_unique,access_denied,2026-06-29T07:42:22+00:00,Unclassified,Düşük,none,historical_resolution,False
Mastercard Legacy Newsroom Press,Mastercard opens European Cyber Resilience Centre in Belgium,2024-05-30,https://www.mastercard.com/news/europe/en/newsroom/press-releases/en/2024/mastercard-opens-european-cyber-resilience-centre-in-belgium/,https://www.mastercard.com/news/europe/en/newsroom/press-releases/en/2024/mastercard-opens-european-cyber-resilience-centre-in-belgium/,https://www.mastercard.com/news/europe/en/newsroom/press-releases/en/2024/mastercard-opens-european-cyber-resilience-centre-in-belgium/,Access Denied,,,,306,,,,,,Kapsam Dışı,0,False,False,False,False,False,canonical_unique,access_denied,2026-06-29T07:42:22+00:00,Unclassified,Düşük,none,historical_resolution,False
Direct positive test: Agent Pay for Machines,Agent Pay for Machines,,https://www.mastercard.com/us/en/news-and-trends/press/2026/june/mastercard-launches-agent-pay-for-machines.html,https://www.mastercard.com/us/en/news-and-trends/press/2026/june/mastercard-launches-agent-pay-for-machines.html,https://www.mastercard.com/us/en/news-and-trends/press/2026/june/mastercard-launches-agent-pay-for-machines.html,Access Denied,,,,283,,,,,,Kapsam Dışı,0,False,False,True,False,False,canonical_unique,access_denied,2026-06-29T07:43:40+00:00,Unclassified,Düşük,none,historical_resolution,False
Direct positive test: Stablecoin settlement,Stablecoin settlement,,https://www.mastercard.com/us/en/news-and-trends/press/2026/june/mastercard-expands-settlement-capabilities-to-include-stablecoin.html,https://www.mastercard.com/us/en/news-and-trends/press/2026/june/mastercard-expands-settlement-capabilities-to-include-stablecoin.html,https://www.mastercard.com/us/en/news-and-trends/press/2026/june/mastercard-expands-settlement-capabilities-to-include-stablecoin.html,Access Denied,,,,305,,stablecoin,Aktarılabilir Mastercard Kabiliyeti,Dijital Varlıklar / Stablecoin,Global,Kapsam Dışı,0,False,False,True,False,False,canonical_unique,access_denied,2026-06-29T07:43:40+00:00,Provisional,Orta,deterministic_high_precision,historical_resolution,False
Direct positive test: TIPS cross-currency pilot,TIPS cross-currency pilot,,https://www.mastercard.com/us/en/news-and-trends/press/2026/june/Mastercard-advances-instant-cross-border-payments-with-TIPS-cross-currency-pilot.html,https://www.mastercard.com/us/en/news-and-trends/press/2026/june/Mastercard-advances-instant-cross-border-payments-with-TIPS-cross-currency-pilot.html,https://www.mastercard.com/us/en/news-and-trends/press/2026/june/Mastercard-advances-instant-cross-border-payments-with-TIPS-cross-currency-pilot.html,Access Denied,,,,321,TIPS,TIPS,,,,Kapsam Dışı,0,False,False,True,False,False,canonical_unique,access_denied,2026-06-29T07:43:40+00:00,Unclassified,Düşük,none,historical_resolution,False
Direct positive test: Amazon Business cards,Amazon Business cards,,https://www.mastercard.com/us/en/news-and-trends/press/2026/may/amazon-s-new-prime-business-and-amazon-business-credit-cards--po.html,https://www.mastercard.com/us/en/news-and-trends/press/2026/may/amazon-s-new-prime-business-and-amazon-business-credit-cards--po.html,https://www.mastercard.com/us/en/news-and-trends/press/2026/may/amazon-s-new-prime-business-and-amazon-business-credit-cards--po.html,Access Denied,,,,304,Amazon,,,,,Kapsam Dışı,0,False,False,False,False,False,canonical_unique,access_denied,2026-06-29T07:43:40+00:00,Unclassified,Düşük,none,historical_resolution,False
